2024-06-11T09:29:49.480+0530 [DEBUG] [org.gradle.launcher.daemon.bootstrap.DaemonMain] Assuming the daemon was started with following jvm opts: [--add-opens=java.base/java.util=ALL-UNNAMED, --add-opens=java.base/java.lang=ALL-UNNAMED, --add-opens=java.base/java.lang.invoke=ALL-UNNAMED, --add-opens=java.prefs/java.util.prefs=ALL-UNNAMED, --add-opens=java.base/java.nio.charset=ALL-UNNAMED, --add-opens=java.base/java.net=ALL-UNNAMED, --add-opens=java.base/java.util.concurrent.atomic=ALL-UNNAMED, -XX:MaxMetaspaceSize=384m, -XX:+HeapDumpOnOutOfMemoryError, -Xms256m, -Xmx512m, -Dfile.encoding=windows-1252, -Duser.country=IN, -Duser.language=en, -Duser.variant]
2024-06-11T09:29:50.765+0530 [DEBUG] [org.gradle.internal.nativeintegration.services.NativeServices] Native-platform posix files integration is not available. Continuing with fallback.
2024-06-11T09:29:50.868+0530 [INFO] [org.gradle.launcher.daemon.server.Daemon] start() called on daemon - DefaultDaemonContext[uid=30e00098-2a59-4515-8b8e-3a81ae0ae857,javaHome=C:\Program Files\Android\Android Studio\jbr,daemonRegistryDir=D:\CAPITAL BLUETOOTH GITHUB\RIO_CONFIGURATOR\RIO_CONFIG_V2.0\daemon,pid=18824,idleTimeout=10800000,priority=NORMAL,applyInstrumentationAgent=true,daemonOpts=--add-opens=java.base/java.util=ALL-UNNAMED,--add-opens=java.base/java.lang=ALL-UNNAMED,--add-opens=java.base/java.lang.invoke=ALL-UNNAMED,--add-opens=java.prefs/java.util.prefs=ALL-UNNAMED,--add-opens=java.base/java.nio.charset=ALL-UNNAMED,--add-opens=java.base/java.net=ALL-UNNAMED,--add-opens=java.base/java.util.concurrent.atomic=ALL-UNNAMED,-XX:MaxMetaspaceSize=384m,-XX:+HeapDumpOnOutOfMemoryError,-Xms256m,-Xmx512m,-Dfile.encoding=windows-1252,-Duser.country=IN,-Duser.language=en,-Duser.variant]
2024-06-11T09:29:51.381+0530 [DEBUG] [org.gradle.internal.remote.internal.inet.InetAddresses] Adding IP addresses for network interface Software Loopback Interface 1
2024-06-11T09:29:51.389+0530 [DEBUG] [org.gradle.internal.remote.internal.inet.InetAddresses] Is this a loopback interface? true
2024-06-11T09:29:51.391+0530 [DEBUG] [org.gradle.internal.remote.internal.inet.InetAddresses] Adding loopback address /127.0.0.1
2024-06-11T09:29:51.393+0530 [DEBUG] [org.gradle.internal.remote.internal.inet.InetAddresses] Adding loopback address /0:0:0:0:0:0:0:1
2024-06-11T09:29:51.397+0530 [DEBUG] [org.gradle.internal.remote.internal.inet.InetAddresses] Adding IP addresses for network interface Microsoft 6to4 Adapter
2024-06-11T09:29:51.406+0530 [DEBUG] [org.gradle.internal.remote.internal.inet.InetAddresses] Is this a loopback interface? false
2024-06-11T09:29:51.408+0530 [DEBUG] [org.gradle.internal.remote.internal.inet.InetAddresses] Adding IP addresses for network interface Bluetooth Device (Personal Area Network)
2024-06-11T09:29:51.417+0530 [DEBUG] [org.gradle.internal.remote.internal.inet.InetAddresses] Is this a loopback interface? false
2024-06-11T09:29:51.418+0530 [DEBUG] [org.gradle.internal.remote.internal.inet.InetAddresses] Adding IP addresses for network interface WAN Miniport (PPTP)
2024-06-11T09:29:51.429+0530 [DEBUG] [org.gradle.internal.remote.internal.inet.InetAddresses] Is this a loopback interface? false
2024-06-11T09:29:51.430+0530 [DEBUG] [org.gradle.internal.remote.internal.inet.InetAddresses] Adding IP addresses for network interface Remote NDIS based Internet Sharing Device
2024-06-11T09:29:51.438+0530 [DEBUG] [org.gradle.internal.remote.internal.inet.InetAddresses] Is this a loopback interface? false
2024-06-11T09:29:51.439+0530 [DEBUG] [org.gradle.internal.remote.internal.inet.InetAddresses] Adding IP addresses for network interface WAN Miniport (Network Monitor)
2024-06-11T09:29:51.449+0530 [DEBUG] [org.gradle.internal.remote.internal.inet.InetAddresses] Is this a loopback interface? false
2024-06-11T09:29:51.450+0530 [DEBUG] [org.gradle.internal.remote.internal.inet.InetAddresses] Adding IP addresses for network interface Microsoft IP-HTTPS Platform Adapter
2024-06-11T09:29:51.459+0530 [DEBUG] [org.gradle.internal.remote.internal.inet.InetAddresses] Is this a loopback interface? false
2024-06-11T09:29:51.460+0530 [DEBUG] [org.gradle.internal.remote.internal.inet.InetAddresses] Adding IP addresses for network interface Microsoft Kernel Debug Network Adapter
2024-06-11T09:29:51.469+0530 [DEBUG] [org.gradle.internal.remote.internal.inet.InetAddresses] Is this a loopback interface? false
2024-06-11T09:29:51.470+0530 [DEBUG] [org.gradle.internal.remote.internal.inet.InetAddresses] Adding IP addresses for network interface WAN Miniport (IP)
2024-06-11T09:29:51.478+0530 [DEBUG] [org.gradle.internal.remote.internal.inet.InetAddresses] Is this a loopback interface? false
2024-06-11T09:29:51.479+0530 [DEBUG] [org.gradle.internal.remote.internal.inet.InetAddresses] Adding IP addresses for network interface WAN Miniport (IKEv2)
2024-06-11T09:29:51.487+0530 [DEBUG] [org.gradle.internal.remote.internal.inet.InetAddresses] Is this a loopback interface? false
2024-06-11T09:29:51.488+0530 [DEBUG] [org.gradle.internal.remote.internal.inet.InetAddresses] Adding IP addresses for network interface WAN Miniport (IPv6)
2024-06-11T09:29:51.496+0530 [DEBUG] [org.gradle.internal.remote.internal.inet.InetAddresses] Is this a loopback interface? false
2024-06-11T09:29:51.498+0530 [DEBUG] [org.gradle.internal.remote.internal.inet.InetAddresses] Adding IP addresses for network interface Microsoft Wi-Fi Direct Virtual Adapter
2024-06-11T09:29:51.507+0530 [DEBUG] [org.gradle.internal.remote.internal.inet.InetAddresses] Is this a loopback interface? false
2024-06-11T09:29:51.509+0530 [DEBUG] [org.gradle.internal.remote.internal.inet.InetAddresses] Adding remote address /fe80:0:0:0:1252:f0e:1190:3178%wlan0
2024-06-11T09:29:51.510+0530 [DEBUG] [org.gradle.internal.remote.internal.inet.InetAddresses] Adding IP addresses for network interface WAN Miniport (SSTP)
2024-06-11T09:29:51.522+0530 [DEBUG] [org.gradle.internal.remote.internal.inet.InetAddresses] Is this a loopback interface? false
2024-06-11T09:29:51.523+0530 [DEBUG] [org.gradle.internal.remote.internal.inet.InetAddresses] Adding IP addresses for network interface Microsoft Teredo Tunneling Adapter
2024-06-11T09:29:51.533+0530 [DEBUG] [org.gradle.internal.remote.internal.inet.InetAddresses] Is this a loopback interface? false
2024-06-11T09:29:51.534+0530 [DEBUG] [org.gradle.internal.remote.internal.inet.InetAddresses] Adding IP addresses for network interface Intel(R) Dual Band Wireless-AC 7265
2024-06-11T09:29:51.546+0530 [DEBUG] [org.gradle.internal.remote.internal.inet.InetAddresses] Is this a loopback interface? false
2024-06-11T09:29:51.548+0530 [DEBUG] [org.gradle.internal.remote.internal.inet.InetAddresses] Adding remote address /192.168.1.156
2024-06-11T09:29:51.549+0530 [DEBUG] [org.gradle.internal.remote.internal.inet.InetAddresses] Adding remote address /fe80:0:0:0:a0b:92a1:4404:eddf%wlan1
2024-06-11T09:29:51.550+0530 [DEBUG] [org.gradle.internal.remote.internal.inet.InetAddresses] Adding IP addresses for network interface RAS Async Adapter
2024-06-11T09:29:51.559+0530 [DEBUG] [org.gradle.internal.remote.internal.inet.InetAddresses] Is this a loopback interface? false
2024-06-11T09:29:51.560+0530 [DEBUG] [org.gradle.internal.remote.internal.inet.InetAddresses] Adding IP addresses for network interface WAN Miniport (PPPOE)
2024-06-11T09:29:51.567+0530 [DEBUG] [org.gradle.internal.remote.internal.inet.InetAddresses] Is this a loopback interface? false
2024-06-11T09:29:51.568+0530 [DEBUG] [org.gradle.internal.remote.internal.inet.InetAddresses] Adding IP addresses for network interface Intel(R) Ethernet Connection (3) I218-LM
2024-06-11T09:29:51.577+0530 [DEBUG] [org.gradle.internal.remote.internal.inet.InetAddresses] Is this a loopback interface? false
2024-06-11T09:29:51.578+0530 [DEBUG] [org.gradle.internal.remote.internal.inet.InetAddresses] Adding remote address /192.168.1.171
2024-06-11T09:29:51.579+0530 [DEBUG] [org.gradle.internal.remote.internal.inet.InetAddresses] Adding remote address /fe80:0:0:0:3408:aa58:d751:4db0%eth6
2024-06-11T09:29:51.579+0530 [DEBUG] [org.gradle.internal.remote.internal.inet.InetAddresses] Adding IP addresses for network interface WAN Miniport (L2TP)
2024-06-11T09:29:51.587+0530 [DEBUG] [org.gradle.internal.remote.internal.inet.InetAddresses] Is this a loopback interface? false
2024-06-11T09:29:51.588+0530 [DEBUG] [org.gradle.internal.remote.internal.inet.InetAddresses] Adding IP addresses for network interface Microsoft Wi-Fi Direct Virtual Adapter #2
2024-06-11T09:29:51.596+0530 [DEBUG] [org.gradle.internal.remote.internal.inet.InetAddresses] Is this a loopback interface? false
2024-06-11T09:29:51.597+0530 [DEBUG] [org.gradle.internal.remote.internal.inet.InetAddresses] Adding remote address /fe80:0:0:0:f22b:1315:5450:38c8%wlan2
2024-06-11T09:29:51.597+0530 [DEBUG] [org.gradle.internal.remote.internal.inet.InetAddresses] Adding IP addresses for network interface Intel(R) Ethernet Connection (3) I218-LM-WFP Native MAC Layer LightWeight Filter-0000
2024-06-11T09:29:51.606+0530 [DEBUG] [org.gradle.internal.remote.internal.inet.InetAddresses] Is this a loopback interface? false
2024-06-11T09:29:51.607+0530 [DEBUG] [org.gradle.internal.remote.internal.inet.InetAddresses] Adding IP addresses for network interface Intel(R) Ethernet Connection (3) I218-LM-QoS Packet Scheduler-0000
2024-06-11T09:29:51.614+0530 [DEBUG] [org.gradle.internal.remote.internal.inet.InetAddresses] Is this a loopback interface? false
2024-06-11T09:29:51.616+0530 [DEBUG] [org.gradle.internal.remote.internal.inet.InetAddresses] Adding IP addresses for network interface Intel(R) Ethernet Connection (3) I218-LM-WFP 802.3 MAC Layer LightWeight Filter-0000
2024-06-11T09:29:51.624+0530 [DEBUG] [org.gradle.internal.remote.internal.inet.InetAddresses] Is this a loopback interface? false
2024-06-11T09:29:51.626+0530 [DEBUG] [org.gradle.internal.remote.internal.inet.InetAddresses] Adding IP addresses for network interface Intel(R) Dual Band Wireless-AC 7265-WFP Native MAC Layer LightWeight Filter-0000
2024-06-11T09:29:51.634+0530 [DEBUG] [org.gradle.internal.remote.internal.inet.InetAddresses] Is this a loopback interface? false
2024-06-11T09:29:51.635+0530 [DEBUG] [org.gradle.internal.remote.internal.inet.InetAddresses] Adding IP addresses for network interface Intel(R) Dual Band Wireless-AC 7265-Virtual WiFi Filter Driver-0000
2024-06-11T09:29:51.644+0530 [DEBUG] [org.gradle.internal.remote.internal.inet.InetAddresses] Is this a loopback interface? false
2024-06-11T09:29:51.644+0530 [DEBUG] [org.gradle.internal.remote.internal.inet.InetAddresses] Adding IP addresses for network interface Intel(R) Dual Band Wireless-AC 7265-Native WiFi Filter Driver-0000
2024-06-11T09:29:51.653+0530 [DEBUG] [org.gradle.internal.remote.internal.inet.InetAddresses] Is this a loopback interface? false
2024-06-11T09:29:51.654+0530 [DEBUG] [org.gradle.internal.remote.internal.inet.InetAddresses] Adding IP addresses for network interface Intel(R) Dual Band Wireless-AC 7265-QoS Packet Scheduler-0000
2024-06-11T09:29:51.668+0530 [DEBUG] [org.gradle.internal.remote.internal.inet.InetAddresses] Is this a loopback interface? false
2024-06-11T09:29:51.669+0530 [DEBUG] [org.gradle.internal.remote.internal.inet.InetAddresses] Adding IP addresses for network interface Intel(R) Dual Band Wireless-AC 7265-WFP 802.3 MAC Layer LightWeight Filter-0000
2024-06-11T09:29:51.677+0530 [DEBUG] [org.gradle.internal.remote.internal.inet.InetAddresses] Is this a loopback interface? false
2024-06-11T09:29:51.678+0530 [DEBUG] [org.gradle.internal.remote.internal.inet.InetAddresses] Adding IP addresses for network interface Microsoft Wi-Fi Direct Virtual Adapter-WFP Native MAC Layer LightWeight Filter-0000
2024-06-11T09:29:51.685+0530 [DEBUG] [org.gradle.internal.remote.internal.inet.InetAddresses] Is this a loopback interface? false
2024-06-11T09:29:51.686+0530 [DEBUG] [org.gradle.internal.remote.internal.inet.InetAddresses] Adding IP addresses for network interface Microsoft Wi-Fi Direct Virtual Adapter-Native WiFi Filter Driver-0000
2024-06-11T09:29:51.694+0530 [DEBUG] [org.gradle.internal.remote.internal.inet.InetAddresses] Is this a loopback interface? false
2024-06-11T09:29:51.695+0530 [DEBUG] [org.gradle.internal.remote.internal.inet.InetAddresses] Adding IP addresses for network interface WAN Miniport (IP)-WFP Native MAC Layer LightWeight Filter-0000
2024-06-11T09:29:51.703+0530 [DEBUG] [org.gradle.internal.remote.internal.inet.InetAddresses] Is this a loopback interface? false
2024-06-11T09:29:51.704+0530 [DEBUG] [org.gradle.internal.remote.internal.inet.InetAddresses] Adding IP addresses for network interface WAN Miniport (IP)-QoS Packet Scheduler-0000
2024-06-11T09:29:51.711+0530 [DEBUG] [org.gradle.internal.remote.internal.inet.InetAddresses] Is this a loopback interface? false
2024-06-11T09:29:51.712+0530 [DEBUG] [org.gradle.internal.remote.internal.inet.InetAddresses] Adding IP addresses for network interface WAN Miniport (IPv6)-WFP Native MAC Layer LightWeight Filter-0000
2024-06-11T09:29:51.720+0530 [DEBUG] [org.gradle.internal.remote.internal.inet.InetAddresses] Is this a loopback interface? false
2024-06-11T09:29:51.721+0530 [DEBUG] [org.gradle.internal.remote.internal.inet.InetAddresses] Adding IP addresses for network interface WAN Miniport (IPv6)-QoS Packet Scheduler-0000
2024-06-11T09:29:51.729+0530 [DEBUG] [org.gradle.internal.remote.internal.inet.InetAddresses] Is this a loopback interface? false
2024-06-11T09:29:51.731+0530 [DEBUG] [org.gradle.internal.remote.internal.inet.InetAddresses] Adding IP addresses for network interface WAN Miniport (Network Monitor)-WFP Native MAC Layer LightWeight Filter-0000
2024-06-11T09:29:51.746+0530 [DEBUG] [org.gradle.internal.remote.internal.inet.InetAddresses] Is this a loopback interface? false
2024-06-11T09:29:51.748+0530 [DEBUG] [org.gradle.internal.remote.internal.inet.InetAddresses] Adding IP addresses for network interface WAN Miniport (Network Monitor)-QoS Packet Scheduler-0000
2024-06-11T09:29:51.767+0530 [DEBUG] [org.gradle.internal.remote.internal.inet.InetAddresses] Is this a loopback interface? false
2024-06-11T09:29:51.768+0530 [DEBUG] [org.gradle.internal.remote.internal.inet.InetAddresses] Adding IP addresses for network interface Microsoft Wi-Fi Direct Virtual Adapter-QoS Packet Scheduler-0000
2024-06-11T09:29:51.780+0530 [DEBUG] [org.gradle.internal.remote.internal.inet.InetAddresses] Is this a loopback interface? false
2024-06-11T09:29:51.781+0530 [DEBUG] [org.gradle.internal.remote.internal.inet.InetAddresses] Adding IP addresses for network interface Microsoft Wi-Fi Direct Virtual Adapter-WFP 802.3 MAC Layer LightWeight Filter-0000
2024-06-11T09:29:51.787+0530 [DEBUG] [org.gradle.internal.remote.internal.inet.InetAddresses] Is this a loopback interface? false
2024-06-11T09:29:51.788+0530 [DEBUG] [org.gradle.internal.remote.internal.inet.InetAddresses] Adding IP addresses for network interface Microsoft Wi-Fi Direct Virtual Adapter #2-WFP Native MAC Layer LightWeight Filter-0000
2024-06-11T09:29:51.796+0530 [DEBUG] [org.gradle.internal.remote.internal.inet.InetAddresses] Is this a loopback interface? false
2024-06-11T09:29:51.797+0530 [DEBUG] [org.gradle.internal.remote.internal.inet.InetAddresses] Adding IP addresses for network interface Microsoft Wi-Fi Direct Virtual Adapter #2-Native WiFi Filter Driver-0000
2024-06-11T09:29:51.804+0530 [DEBUG] [org.gradle.internal.remote.internal.inet.InetAddresses] Is this a loopback interface? false
2024-06-11T09:29:51.804+0530 [DEBUG] [org.gradle.internal.remote.internal.inet.InetAddresses] Adding IP addresses for network interface Microsoft Wi-Fi Direct Virtual Adapter #2-QoS Packet Scheduler-0000
2024-06-11T09:29:51.815+0530 [DEBUG] [org.gradle.internal.remote.internal.inet.InetAddresses] Is this a loopback interface? false
2024-06-11T09:29:51.816+0530 [DEBUG] [org.gradle.internal.remote.internal.inet.InetAddresses] Adding IP addresses for network interface Microsoft Wi-Fi Direct Virtual Adapter #2-WFP 802.3 MAC Layer LightWeight Filter-0000
2024-06-11T09:29:51.826+0530 [DEBUG] [org.gradle.internal.remote.internal.inet.InetAddresses] Is this a loopback interface? false
2024-06-11T09:29:51.854+0530 [DEBUG] [org.gradle.internal.remote.internal.inet.TcpIncomingConnector] Listening on [b823f6d8-e5a7-481a-93fc-ee2d0c06c6d7 port:55002, addresses:[localhost/127.0.0.1]].
2024-06-11T09:29:51.938+0530 [DEBUG] [org.gradle.launcher.daemon.server.Daemon] Daemon starting at: Tue Jun 11 09:29:51 IST 2024, with address: [b823f6d8-e5a7-481a-93fc-ee2d0c06c6d7 port:55002, addresses:[localhost/127.0.0.1]]
2024-06-11T09:29:51.939+0530 [INFO] [org.gradle.launcher.daemon.server.DaemonRegistryUpdater] Advertising the daemon address to the clients: [b823f6d8-e5a7-481a-93fc-ee2d0c06c6d7 port:55002, addresses:[localhost/127.0.0.1]]
2024-06-11T09:29:51.940+0530 [DEBUG] [org.gradle.launcher.daemon.server.DaemonRegistryUpdater] Advertised daemon context: DefaultDaemonContext[uid=30e00098-2a59-4515-8b8e-3a81ae0ae857,javaHome=C:\Program Files\Android\Android Studio\jbr,daemonRegistryDir=D:\CAPITAL BLUETOOTH GITHUB\RIO_CONFIGURATOR\RIO_CONFIG_V2.0\daemon,pid=18824,idleTimeout=10800000,priority=NORMAL,applyInstrumentationAgent=true,daemonOpts=--add-opens=java.base/java.util=ALL-UNNAMED,--add-opens=java.base/java.lang=ALL-UNNAMED,--add-opens=java.base/java.lang.invoke=ALL-UNNAMED,--add-opens=java.prefs/java.util.prefs=ALL-UNNAMED,--add-opens=java.base/java.nio.charset=ALL-UNNAMED,--add-opens=java.base/java.net=ALL-UNNAMED,--add-opens=java.base/java.util.concurrent.atomic=ALL-UNNAMED,-XX:MaxMetaspaceSize=384m,-XX:+HeapDumpOnOutOfMemoryError,-Xms256m,-Xmx512m,-Dfile.encoding=windows-1252,-Duser.country=IN,-Duser.language=en,-Duser.variant]
2024-06-11T09:29:51.944+0530 [DEBUG] [org.gradle.launcher.daemon.registry.PersistentDaemonRegistry] Storing daemon address: [b823f6d8-e5a7-481a-93fc-ee2d0c06c6d7 port:55002, addresses:[localhost/127.0.0.1]], context: DefaultDaemonContext[uid=30e00098-2a59-4515-8b8e-3a81ae0ae857,javaHome=C:\Program Files\Android\Android Studio\jbr,daemonRegistryDir=D:\CAPITAL BLUETOOTH GITHUB\RIO_CONFIGURATOR\RIO_CONFIG_V2.0\daemon,pid=18824,idleTimeout=10800000,priority=NORMAL,applyInstrumentationAgent=true,daemonOpts=--add-opens=java.base/java.util=ALL-UNNAMED,--add-opens=java.base/java.lang=ALL-UNNAMED,--add-opens=java.base/java.lang.invoke=ALL-UNNAMED,--add-opens=java.prefs/java.util.prefs=ALL-UNNAMED,--add-opens=java.base/java.nio.charset=ALL-UNNAMED,--add-opens=java.base/java.net=ALL-UNNAMED,--add-opens=java.base/java.util.concurrent.atomic=ALL-UNNAMED,-XX:MaxMetaspaceSize=384m,-XX:+HeapDumpOnOutOfMemoryError,-Xms256m,-Xmx512m,-Dfile.encoding=windows-1252,-Duser.country=IN,-Duser.language=en,-Duser.variant]
2024-06-11T09:29:52.004+0530 [DEBUG] [org.gradle.cache.internal.DefaultFileLockManager] Waiting to acquire exclusive lock on daemon addresses registry.
2024-06-11T09:29:52.025+0530 [DEBUG] [org.gradle.cache.internal.DefaultFileLockManager] Lock acquired on daemon addresses registry.
2024-06-11T09:29:52.049+0530 [DEBUG] [org.gradle.cache.internal.DefaultFileLockManager] Releasing lock on daemon addresses registry.
2024-06-11T09:29:52.051+0530 [LIFECYCLE] [org.gradle.launcher.daemon.server.Daemon] Daemon server started.
2024-06-11T09:29:52.055+0530 [DEBUG] [org.gradle.launcher.daemon.bootstrap.DaemonStartupCommunication] Completed writing the daemon greeting. Closing streams...
2024-06-11T09:29:52.082+0530 [DEBUG] [org.gradle.launcher.daemon.server.Daemon] stopOnExpiration() called on daemon
2024-06-11T09:29:52.087+0530 [DEBUG] [org.gradle.launcher.daemon.server.Daemon] awaitExpiration() called on daemon
2024-06-11T09:29:52.089+0530 [DEBUG] [org.gradle.launcher.daemon.server.DaemonStateCoordinator] daemon is running. Sleeping until state changes.
2024-06-11T09:29:52.096+0530 [DEBUG] [org.gradle.internal.remote.internal.inet.TcpIncomingConnector] Accepted connection from /127.0.0.1:55003 to /127.0.0.1:55002.
2024-06-11T09:29:52.699+0530 [DEBUG] [org.gradle.launcher.daemon.server.SynchronizedDispatchConnection] thread 21: received class org.gradle.launcher.daemon.protocol.Build
2024-06-11T09:29:52.700+0530 [DEBUG] [org.gradle.launcher.daemon.server.DefaultDaemonConnection] thread 21: Received non-IO message from client: Build{id=2a806f5b-e495-45f2-851c-72f3ac87a084, currentDir=D:\CAPITAL BLUETOOTH GITHUB\RIO_CONFIGURATOR\RIO_CONFIG_V2.0}
2024-06-11T09:29:52.701+0530 [INFO] [org.gradle.launcher.daemon.server.DefaultIncomingConnectionHandler] Received command: Build{id=2a806f5b-e495-45f2-851c-72f3ac87a084, currentDir=D:\CAPITAL BLUETOOTH GITHUB\RIO_CONFIGURATOR\RIO_CONFIG_V2.0}.
2024-06-11T09:29:52.702+0530 [DEBUG] [org.gradle.launcher.daemon.server.DefaultIncomingConnectionHandler] Starting executing command: Build{id=2a806f5b-e495-45f2-851c-72f3ac87a084, currentDir=D:\CAPITAL BLUETOOTH GITHUB\RIO_CONFIGURATOR\RIO_CONFIG_V2.0} with connection: socket connection from /127.0.0.1:55002 to /127.0.0.1:55003.
2024-06-11T09:29:52.715+0530 [DEBUG] [org.gradle.launcher.daemon.server.DaemonStateCoordinator] Command execution: started DaemonCommandExecution[command = Build{id=2a806f5b-e495-45f2-851c-72f3ac87a084, currentDir=D:\CAPITAL BLUETOOTH GITHUB\RIO_CONFIGURATOR\RIO_CONFIG_V2.0}, connection = DefaultDaemonConnection: socket connection from /127.0.0.1:55002 to /127.0.0.1:55003] after 0.0 minutes of idle
2024-06-11T09:29:52.716+0530 [INFO] [org.gradle.launcher.daemon.server.DaemonRegistryUpdater] Marking the daemon as busy, address: [b823f6d8-e5a7-481a-93fc-ee2d0c06c6d7 port:55002, addresses:[localhost/127.0.0.1]]
2024-06-11T09:29:52.718+0530 [DEBUG] [org.gradle.launcher.daemon.registry.PersistentDaemonRegistry] Marking busy by address: [b823f6d8-e5a7-481a-93fc-ee2d0c06c6d7 port:55002, addresses:[localhost/127.0.0.1]]
2024-06-11T09:29:52.722+0530 [DEBUG] [org.gradle.cache.internal.DefaultFileLockManager] Waiting to acquire exclusive lock on daemon addresses registry.
2024-06-11T09:29:52.723+0530 [DEBUG] [org.gradle.cache.internal.DefaultFileLockManager] Lock acquired on daemon addresses registry.
2024-06-11T09:29:52.727+0530 [DEBUG] [org.gradle.cache.internal.DefaultFileLockManager] Releasing lock on daemon addresses registry.
2024-06-11T09:29:52.729+0530 [DEBUG] [org.gradle.launcher.daemon.server.DaemonStateCoordinator] resetting idle timer
2024-06-11T09:29:52.730+0530 [DEBUG] [org.gradle.launcher.daemon.server.DaemonStateCoordinator] daemon is running. Sleeping until state changes.
2024-06-11T09:29:52.733+0530 [INFO] [org.gradle.launcher.daemon.server.exec.StartBuildOrRespondWithBusy] Daemon is about to start building Build{id=2a806f5b-e495-45f2-851c-72f3ac87a084, currentDir=D:\CAPITAL BLUETOOTH GITHUB\RIO_CONFIGURATOR\RIO_CONFIG_V2.0}. Dispatching build started information...
2024-06-11T09:29:52.734+0530 [DEBUG] [org.gradle.launcher.daemon.server.SynchronizedDispatchConnection] thread 23: dispatching org.gradle.launcher.daemon.protocol.BuildStarted@39c7f0a5
2024-06-11T09:29:52.744+0530 [DEBUG] [org.gradle.launcher.daemon.server.exec.EstablishBuildEnvironment] Configuring env variables: [USERDOMAIN_ROAMINGPROFILE, LOCALAPPDATA, PROCESSOR_LEVEL, USERDOMAIN, LOGONSERVER, FPS_BROWSER_APP_PROFILE_STRING, SESSIONNAME, ALLUSERSPROFILE, PROCESSOR_ARCHITECTURE, PSModulePath, SystemDrive, OneDrive, APPDATA, USERNAME, ProgramFiles(x86), CommonProgramFiles, Path, FPS_BROWSER_USER_PROFILE_STRING, PATHEXT, DriverData, OS, COMPUTERNAME, PROCESSOR_REVISION, CommonProgramW6432, ComSpec, ProgramData, ProgramW6432, TEMP, HOMEPATH, SystemRoot, PROCESSOR_IDENTIFIER, HOMEDRIVE, USERPROFILE, TMP, CommonProgramFiles(x86), ProgramFiles, PUBLIC, windir, NUMBER_OF_PROCESSORS, =::, IDEA_INITIAL_DIRECTORY]
2024-06-11T09:29:52.750+0530 [DEBUG] [org.gradle.launcher.daemon.server.SynchronizedDispatchConnection] thread 21: received class org.gradle.launcher.daemon.protocol.CloseInput
2024-06-11T09:29:52.751+0530 [DEBUG] [org.gradle.launcher.daemon.server.DefaultDaemonConnection] thread 21: Received IO message from client: org.gradle.launcher.daemon.protocol.CloseInput@272c66d8
2024-06-11T09:29:52.772+0530 [DEBUG] [org.gradle.launcher.daemon.server.exec.LogToClient] About to start relaying all logs to the client via the connection.
2024-06-11T09:29:52.773+0530 [INFO] [org.gradle.launcher.daemon.server.exec.LogToClient] The client will now receive all logging from the daemon (pid: 18824). The daemon log file: D:\CAPITAL BLUETOOTH GITHUB\RIO_CONFIGURATOR\RIO_CONFIG_V2.0\daemon\8.6\daemon-18824.out.log
2024-06-11T09:29:52.784+0530 [INFO] [org.gradle.launcher.daemon.server.exec.LogAndCheckHealth] Starting build in new daemon [memory: 512 MiB]
2024-06-11T09:29:52.788+0530 [INFO] [org.gradle.launcher.daemon.server.exec.ForwardClientInput] Closing daemon's stdin at end of input.
2024-06-11T09:29:52.789+0530 [INFO] [org.gradle.launcher.daemon.server.exec.ForwardClientInput] The daemon will no longer process any standard input.
2024-06-11T09:29:52.808+0530 [DEBUG] [org.gradle.launcher.daemon.server.exec.ExecuteBuild] The daemon has started executing the build.
2024-06-11T09:29:52.809+0530 [DEBUG] [org.gradle.launcher.daemon.server.exec.ExecuteBuild] Executing build with daemon context: DefaultDaemonContext[uid=30e00098-2a59-4515-8b8e-3a81ae0ae857,javaHome=C:\Program Files\Android\Android Studio\jbr,daemonRegistryDir=D:\CAPITAL BLUETOOTH GITHUB\RIO_CONFIGURATOR\RIO_CONFIG_V2.0\daemon,pid=18824,idleTimeout=10800000,priority=NORMAL,applyInstrumentationAgent=true,daemonOpts=--add-opens=java.base/java.util=ALL-UNNAMED,--add-opens=java.base/java.lang=ALL-UNNAMED,--add-opens=java.base/java.lang.invoke=ALL-UNNAMED,--add-opens=java.prefs/java.util.prefs=ALL-UNNAMED,--add-opens=java.base/java.nio.charset=ALL-UNNAMED,--add-opens=java.base/java.net=ALL-UNNAMED,--add-opens=java.base/java.util.concurrent.atomic=ALL-UNNAMED,-XX:MaxMetaspaceSize=384m,-XX:+HeapDumpOnOutOfMemoryError,-Xms256m,-Xmx512m,-Dfile.encoding=windows-1252,-Duser.country=IN,-Duser.language=en,-Duser.variant]

BUILD SUCCESSFUL in 1m 46s
2024-06-11T09:31:10.885+0530 [DEBUG] [org.apache.http.impl.conn.PoolingHttpClientConnectionManager] Connection manager is shutting down
2024-06-11T09:31:10.888+0530 [DEBUG] [org.apache.http.impl.conn.DefaultManagedHttpClientConnection] http-outgoing-0: Close connection
2024-06-11T09:31:10.898+0530 [DEBUG] [org.apache.http.impl.conn.PoolingHttpClientConnectionManager] Connection manager shut down
2024-06-11T09:31:10.900+0530 [DEBUG] [org.apache.http.impl.conn.PoolingHttpClientConnectionManager] Connection manager is shutting down
2024-06-11T09:31:10.901+0530 [DEBUG] [org.apache.http.impl.conn.DefaultManagedHttpClientConnection] http-outgoing-1: Close connection
2024-06-11T09:31:10.902+0530 [DEBUG] [org.apache.http.impl.conn.PoolingHttpClientConnectionManager] Connection manager shut down
2024-06-11T09:31:10.960+0530 [DEBUG] [org.gradle.launcher.daemon.server.exec.ExecuteBuild] The daemon has finished executing the build.
2024-06-11T09:31:10.982+0530 [DEBUG] [org.gradle.launcher.daemon.server.DaemonStateCoordinator] daemon is running. Sleeping until state changes.
2024-06-11T09:31:10.983+0530 [DEBUG] [org.gradle.launcher.daemon.server.DaemonStateCoordinator] Command execution: finished waiting for DaemonCommandExecution[command = Build{id=2a806f5b-e495-45f2-851c-72f3ac87a084, currentDir=D:\CAPITAL BLUETOOTH GITHUB\RIO_CONFIGURATOR\RIO_CONFIG_V2.0}, connection = DefaultDaemonConnection: socket connection from /127.0.0.1:55002 to /127.0.0.1:55003]. Result org.gradle.launcher.daemon.server.DaemonStateCoordinator@25f012e0 with state Busy
2024-06-11T09:31:10.984+0530 [DEBUG] [org.gradle.launcher.daemon.server.DaemonStateCoordinator] Command execution: completed DaemonCommandExecution[command = Build{id=2a806f5b-e495-45f2-851c-72f3ac87a084, currentDir=D:\CAPITAL BLUETOOTH GITHUB\RIO_CONFIGURATOR\RIO_CONFIG_V2.0}, connection = DefaultDaemonConnection: socket connection from /127.0.0.1:55002 to /127.0.0.1:55003]
2024-06-11T09:31:10.985+0530 [DEBUG] [org.gradle.launcher.daemon.server.DaemonStateCoordinator] resetting idle timer
2024-06-11T09:31:10.986+0530 [INFO] [org.gradle.launcher.daemon.server.DaemonRegistryUpdater] Marking the daemon as idle, address: [b823f6d8-e5a7-481a-93fc-ee2d0c06c6d7 port:55002, addresses:[localhost/127.0.0.1]]
2024-06-11T09:31:10.992+0530 [DEBUG] [org.gradle.launcher.daemon.registry.PersistentDaemonRegistry] Marking busy by address: [b823f6d8-e5a7-481a-93fc-ee2d0c06c6d7 port:55002, addresses:[localhost/127.0.0.1]]
2024-06-11T09:31:10.996+0530 [DEBUG] [org.gradle.cache.internal.DefaultFileLockManager] Waiting to acquire exclusive lock on daemon addresses registry.
2024-06-11T09:31:11.010+0530 [DEBUG] [org.gradle.cache.internal.DefaultFileLockManager] Lock acquired on daemon addresses registry.
2024-06-11T09:31:11.028+0530 [DEBUG] [org.gradle.cache.internal.DefaultFileLockManager] Releasing lock on daemon addresses registry.
2024-06-11T09:31:11.034+0530 [DEBUG] [org.gradle.launcher.daemon.server.DaemonStateCoordinator] daemon is running. Sleeping until state changes.
2024-06-11T09:31:11.036+0530 [DEBUG] [org.gradle.launcher.daemon.server.exec.ReturnResult] Daemon is dispatching the build result: Success[value=org.gradle.launcher.exec.BuildActionResult@33efb31e]
2024-06-11T09:31:11.039+0530 [DEBUG] [org.gradle.launcher.daemon.server.SynchronizedDispatchConnection] thread 20: dispatching Success[value=org.gradle.launcher.exec.BuildActionResult@33efb31e]
2024-06-11T09:31:11.048+0530 [DEBUG] [org.gradle.launcher.daemon.server.SynchronizedDispatchConnection] thread 21: received class org.gradle.launcher.daemon.protocol.Finished
2024-06-11T09:31:11.049+0530 [DEBUG] [org.gradle.launcher.daemon.server.DefaultDaemonConnection] thread 21: Received non-IO message from client: org.gradle.launcher.daemon.protocol.Finished@41bf5d13
2024-06-11T09:31:11.051+0530 [DEBUG] [org.gradle.internal.remote.internal.inet.SocketConnection] Discarding EOFException: java.io.EOFException
2024-06-11T09:31:11.052+0530 [DEBUG] [org.gradle.launcher.daemon.server.SynchronizedDispatchConnection] thread 21: received null
2024-06-11T09:31:11.053+0530 [DEBUG] [org.gradle.launcher.daemon.server.DefaultDaemonConnection] thread 21: Received end-of-input from client.
2024-06-11T09:31:11.085+0530 [DEBUG] [org.gradle.launcher.daemon.server.DefaultIncomingConnectionHandler] Finishing executing command: Build{id=2a806f5b-e495-45f2-851c-72f3ac87a084, currentDir=D:\CAPITAL BLUETOOTH GITHUB\RIO_CONFIGURATOR\RIO_CONFIG_V2.0}
2024-06-11T09:31:11.087+0530 [WARN] [org.gradle.launcher.daemon.server.DefaultIncomingConnectionHandler] Timed out waiting for finished message from client socket connection from /127.0.0.1:55002 to /127.0.0.1:55003. Discarding connection.
2024-06-11T09:31:11.088+0530 [DEBUG] [org.gradle.launcher.daemon.server.SynchronizedDispatchConnection] thread 20: stopping connection
2024-06-11T09:31:11.095+0530 [DEBUG] [org.gradle.launcher.daemon.server.SynchronizedDispatchConnection] thread 20: stopping connection
2024-06-11T09:31:12.128+0530 [DEBUG] [org.gradle.cache.internal.DefaultFileLockManager] Waiting to acquire shared lock on daemon addresses registry.
2024-06-11T09:31:12.134+0530 [DEBUG] [org.gradle.cache.internal.DefaultFileLockManager] Lock acquired on daemon addresses registry.
2024-06-11T09:31:12.137+0530 [DEBUG] [org.gradle.cache.internal.DefaultFileLockManager] Releasing lock on daemon addresses registry.
2024-06-11T09:31:12.146+0530 [DEBUG] [org.gradle.cache.internal.DefaultFileLockManager] Waiting to acquire shared lock on daemon addresses registry.
2024-06-11T09:31:12.147+0530 [DEBUG] [org.gradle.cache.internal.DefaultFileLockManager] Lock acquired on daemon addresses registry.
2024-06-11T09:31:12.149+0530 [DEBUG] [org.gradle.cache.internal.DefaultFileLockManager] Releasing lock on daemon addresses registry.
2024-06-11T09:31:24.945+0530 [DEBUG] [org.gradle.cache.internal.DefaultFileLockManager] Waiting to acquire shared lock on daemon addresses registry.
2024-06-11T09:31:24.947+0530 [DEBUG] [org.gradle.cache.internal.DefaultFileLockManager] Lock acquired on daemon addresses registry.
2024-06-11T09:31:24.949+0530 [DEBUG] [org.gradle.cache.internal.DefaultFileLockManager] Releasing lock on daemon addresses registry.
2024-06-11T09:31:25.055+0530 [DEBUG] [org.gradle.cache.internal.DefaultFileLockManager] Waiting to acquire shared lock on daemon addresses registry.
2024-06-11T09:31:25.056+0530 [DEBUG] [org.gradle.cache.internal.DefaultFileLockManager] Lock acquired on daemon addresses registry.
2024-06-11T09:31:25.057+0530 [DEBUG] [org.gradle.cache.internal.DefaultFileLockManager] Releasing lock on daemon addresses registry.
2024-06-11T09:31:25.063+0530 [DEBUG] [org.gradle.cache.internal.DefaultFileLockManager] Waiting to acquire shared lock on daemon addresses registry.
2024-06-11T09:31:25.064+0530 [DEBUG] [org.gradle.cache.internal.DefaultFileLockManager] Lock acquired on daemon addresses registry.
2024-06-11T09:31:25.066+0530 [DEBUG] [org.gradle.cache.internal.DefaultFileLockManager] Releasing lock on daemon addresses registry.
2024-06-11T09:31:32.104+0530 [DEBUG] [org.gradle.cache.internal.DefaultFileLockManager] Waiting to acquire shared lock on daemon addresses registry.
2024-06-11T09:31:32.105+0530 [DEBUG] [org.gradle.cache.internal.DefaultFileLockManager] Lock acquired on daemon addresses registry.
2024-06-11T09:31:32.106+0530 [DEBUG] [org.gradle.cache.internal.DefaultFileLockManager] Releasing lock on daemon addresses registry.
2024-06-11T09:31:32.110+0530 [DEBUG] [org.gradle.cache.internal.DefaultFileLockManager] Waiting to acquire shared lock on daemon addresses registry.
2024-06-11T09:31:32.111+0530 [DEBUG] [org.gradle.cache.internal.DefaultFileLockManager] Lock acquired on daemon addresses registry.
2024-06-11T09:31:32.113+0530 [DEBUG] [org.gradle.cache.internal.DefaultFileLockManager] Releasing lock on daemon addresses registry.
2024-06-11T09:31:32.115+0530 [DEBUG] [org.gradle.cache.internal.DefaultFileLockManager] Waiting to acquire shared lock on daemon addresses registry.
2024-06-11T09:31:32.116+0530 [DEBUG] [org.gradle.cache.internal.DefaultFileLockManager] Lock acquired on daemon addresses registry.
2024-06-11T09:31:32.118+0530 [DEBUG] [org.gradle.cache.internal.DefaultFileLockManager] Releasing lock on daemon addresses registry.
2024-06-11T09:31:42.101+0530 [DEBUG] [org.gradle.cache.internal.DefaultFileLockManager] Waiting to acquire shared lock on daemon addresses registry.
2024-06-11T09:31:42.102+0530 [DEBUG] [org.gradle.cache.internal.DefaultFileLockManager] Lock acquired on daemon addresses registry.
2024-06-11T09:31:42.103+0530 [DEBUG] [org.gradle.cache.internal.DefaultFileLockManager] Releasing lock on daemon addresses registry.
2024-06-11T09:31:42.105+0530 [DEBUG] [org.gradle.cache.internal.DefaultFileLockManager] Waiting to acquire shared lock on daemon addresses registry.
2024-06-11T09:31:42.106+0530 [DEBUG] [org.gradle.cache.internal.DefaultFileLockManager] Lock acquired on daemon addresses registry.
2024-06-11T09:31:42.106+0530 [DEBUG] [org.gradle.cache.internal.DefaultFileLockManager] Releasing lock on daemon addresses registry.
2024-06-11T09:31:42.108+0530 [DEBUG] [org.gradle.cache.internal.DefaultFileLockManager] Waiting to acquire shared lock on daemon addresses registry.
2024-06-11T09:31:42.109+0530 [DEBUG] [org.gradle.cache.internal.DefaultFileLockManager] Lock acquired on daemon addresses registry.
2024-06-11T09:31:42.111+0530 [DEBUG] [org.gradle.cache.internal.DefaultFileLockManager] Releasing lock on daemon addresses registry.
2024-06-11T09:31:52.094+0530 [DEBUG] [org.gradle.cache.internal.DefaultFileLockManager] Waiting to acquire shared lock on daemon addresses registry.
2024-06-11T09:31:52.095+0530 [DEBUG] [org.gradle.cache.internal.DefaultFileLockManager] Lock acquired on daemon addresses registry.
2024-06-11T09:31:52.096+0530 [DEBUG] [org.gradle.cache.internal.DefaultFileLockManager] Releasing lock on daemon addresses registry.
2024-06-11T09:31:52.098+0530 [DEBUG] [org.gradle.cache.internal.DefaultFileLockManager] Waiting to acquire shared lock on daemon addresses registry.
2024-06-11T09:31:52.099+0530 [DEBUG] [org.gradle.cache.internal.DefaultFileLockManager] Lock acquired on daemon addresses registry.
2024-06-11T09:31:52.100+0530 [DEBUG] [org.gradle.cache.internal.DefaultFileLockManager] Releasing lock on daemon addresses registry.
2024-06-11T09:31:52.103+0530 [DEBUG] [org.gradle.cache.internal.DefaultFileLockManager] Waiting to acquire shared lock on daemon addresses registry.
2024-06-11T09:31:52.103+0530 [DEBUG] [org.gradle.cache.internal.DefaultFileLockManager] Lock acquired on daemon addresses registry.
2024-06-11T09:31:52.104+0530 [DEBUG] [org.gradle.cache.internal.DefaultFileLockManager] Releasing lock on daemon addresses registry.
2024-06-11T09:32:02.103+0530 [DEBUG] [org.gradle.cache.internal.DefaultFileLockManager] Waiting to acquire shared lock on daemon addresses registry.
2024-06-11T09:32:02.104+0530 [DEBUG] [org.gradle.cache.internal.DefaultFileLockManager] Lock acquired on daemon addresses registry.
2024-06-11T09:32:02.105+0530 [DEBUG] [org.gradle.cache.internal.DefaultFileLockManager] Releasing lock on daemon addresses registry.
2024-06-11T09:32:02.107+0530 [DEBUG] [org.gradle.cache.internal.DefaultFileLockManager] Waiting to acquire shared lock on daemon addresses registry.
2024-06-11T09:32:02.108+0530 [DEBUG] [org.gradle.cache.internal.DefaultFileLockManager] Lock acquired on daemon addresses registry.
2024-06-11T09:32:02.110+0530 [DEBUG] [org.gradle.cache.internal.DefaultFileLockManager] Releasing lock on daemon addresses registry.
2024-06-11T09:32:02.112+0530 [DEBUG] [org.gradle.cache.internal.DefaultFileLockManager] Waiting to acquire shared lock on daemon addresses registry.
2024-06-11T09:32:02.113+0530 [DEBUG] [org.gradle.cache.internal.DefaultFileLockManager] Lock acquired on daemon addresses registry.
2024-06-11T09:32:02.114+0530 [DEBUG] [org.gradle.cache.internal.DefaultFileLockManager] Releasing lock on daemon addresses registry.
2024-06-11T09:32:12.102+0530 [DEBUG] [org.gradle.cache.internal.DefaultFileLockManager] Waiting to acquire shared lock on daemon addresses registry.
2024-06-11T09:32:12.103+0530 [DEBUG] [org.gradle.cache.internal.DefaultFileLockManager] Lock acquired on daemon addresses registry.
2024-06-11T09:32:12.104+0530 [DEBUG] [org.gradle.cache.internal.DefaultFileLockManager] Releasing lock on daemon addresses registry.
2024-06-11T09:32:12.108+0530 [DEBUG] [org.gradle.cache.internal.DefaultFileLockManager] Waiting to acquire shared lock on daemon addresses registry.
2024-06-11T09:32:12.109+0530 [DEBUG] [org.gradle.cache.internal.DefaultFileLockManager] Lock acquired on daemon addresses registry.
2024-06-11T09:32:12.110+0530 [DEBUG] [org.gradle.cache.internal.DefaultFileLockManager] Releasing lock on daemon addresses registry.
2024-06-11T09:32:12.112+0530 [DEBUG] [org.gradle.cache.internal.DefaultFileLockManager] Waiting to acquire shared lock on daemon addresses registry.
2024-06-11T09:32:12.113+0530 [DEBUG] [org.gradle.cache.internal.DefaultFileLockManager] Lock acquired on daemon addresses registry.
2024-06-11T09:32:12.115+0530 [DEBUG] [org.gradle.cache.internal.DefaultFileLockManager] Releasing lock on daemon addresses registry.
2024-06-11T09:32:22.094+0530 [DEBUG] [org.gradle.cache.internal.DefaultFileLockManager] Waiting to acquire shared lock on daemon addresses registry.
2024-06-11T09:32:22.095+0530 [DEBUG] [org.gradle.cache.internal.DefaultFileLockManager] Lock acquired on daemon addresses registry.
2024-06-11T09:32:22.097+0530 [DEBUG] [org.gradle.cache.internal.DefaultFileLockManager] Releasing lock on daemon addresses registry.
2024-06-11T09:32:22.100+0530 [DEBUG] [org.gradle.cache.internal.DefaultFileLockManager] Waiting to acquire shared lock on daemon addresses registry.
2024-06-11T09:32:22.101+0530 [DEBUG] [org.gradle.cache.internal.DefaultFileLockManager] Lock acquired on daemon addresses registry.
2024-06-11T09:32:22.102+0530 [DEBUG] [org.gradle.cache.internal.DefaultFileLockManager] Releasing lock on daemon addresses registry.
2024-06-11T09:32:22.104+0530 [DEBUG] [org.gradle.cache.internal.DefaultFileLockManager] Waiting to acquire shared lock on daemon addresses registry.
2024-06-11T09:32:22.105+0530 [DEBUG] [org.gradle.cache.internal.DefaultFileLockManager] Lock acquired on daemon addresses registry.
2024-06-11T09:32:22.105+0530 [DEBUG] [org.gradle.cache.internal.DefaultFileLockManager] Releasing lock on daemon addresses registry.
2024-06-11T09:32:32.105+0530 [DEBUG] [org.gradle.cache.internal.DefaultFileLockManager] Waiting to acquire shared lock on daemon addresses registry.
2024-06-11T09:32:32.106+0530 [DEBUG] [org.gradle.cache.internal.DefaultFileLockManager] Lock acquired on daemon addresses registry.
2024-06-11T09:32:32.106+0530 [DEBUG] [org.gradle.cache.internal.DefaultFileLockManager] Releasing lock on daemon addresses registry.
2024-06-11T09:32:32.110+0530 [DEBUG] [org.gradle.cache.internal.DefaultFileLockManager] Waiting to acquire shared lock on daemon addresses registry.
2024-06-11T09:32:32.111+0530 [DEBUG] [org.gradle.cache.internal.DefaultFileLockManager] Lock acquired on daemon addresses registry.
2024-06-11T09:32:32.112+0530 [DEBUG] [org.gradle.cache.internal.DefaultFileLockManager] Releasing lock on daemon addresses registry.
2024-06-11T09:32:32.114+0530 [DEBUG] [org.gradle.cache.internal.DefaultFileLockManager] Waiting to acquire shared lock on daemon addresses registry.
2024-06-11T09:32:32.115+0530 [DEBUG] [org.gradle.cache.internal.DefaultFileLockManager] Lock acquired on daemon addresses registry.
2024-06-11T09:32:32.117+0530 [DEBUG] [org.gradle.cache.internal.DefaultFileLockManager] Releasing lock on daemon addresses registry.
2024-06-11T09:32:42.090+0530 [DEBUG] [org.gradle.cache.internal.DefaultFileLockManager] Waiting to acquire shared lock on daemon addresses registry.
2024-06-11T09:32:42.091+0530 [DEBUG] [org.gradle.cache.internal.DefaultFileLockManager] Lock acquired on daemon addresses registry.
2024-06-11T09:32:42.092+0530 [DEBUG] [org.gradle.cache.internal.DefaultFileLockManager] Releasing lock on daemon addresses registry.
2024-06-11T09:32:42.095+0530 [DEBUG] [org.gradle.cache.internal.DefaultFileLockManager] Waiting to acquire shared lock on daemon addresses registry.
2024-06-11T09:32:42.097+0530 [DEBUG] [org.gradle.cache.internal.DefaultFileLockManager] Lock acquired on daemon addresses registry.
2024-06-11T09:32:42.098+0530 [DEBUG] [org.gradle.cache.internal.DefaultFileLockManager] Releasing lock on daemon addresses registry.
2024-06-11T09:32:42.101+0530 [DEBUG] [org.gradle.cache.internal.DefaultFileLockManager] Waiting to acquire shared lock on daemon addresses registry.
2024-06-11T09:32:42.102+0530 [DEBUG] [org.gradle.cache.internal.DefaultFileLockManager] Lock acquired on daemon addresses registry.
2024-06-11T09:32:42.103+0530 [DEBUG] [org.gradle.cache.internal.DefaultFileLockManager] Releasing lock on daemon addresses registry.
2024-06-11T09:32:52.095+0530 [DEBUG] [org.gradle.cache.internal.DefaultFileLockManager] Waiting to acquire shared lock on daemon addresses registry.
2024-06-11T09:32:52.096+0530 [DEBUG] [org.gradle.cache.internal.DefaultFileLockManager] Lock acquired on daemon addresses registry.
2024-06-11T09:32:52.097+0530 [DEBUG] [org.gradle.cache.internal.DefaultFileLockManager] Releasing lock on daemon addresses registry.
2024-06-11T09:32:52.101+0530 [DEBUG] [org.gradle.cache.internal.DefaultFileLockManager] Waiting to acquire shared lock on daemon addresses registry.
2024-06-11T09:32:52.102+0530 [DEBUG] [org.gradle.cache.internal.DefaultFileLockManager] Lock acquired on daemon addresses registry.
2024-06-11T09:32:52.104+0530 [DEBUG] [org.gradle.cache.internal.DefaultFileLockManager] Releasing lock on daemon addresses registry.
2024-06-11T09:32:52.107+0530 [DEBUG] [org.gradle.cache.internal.DefaultFileLockManager] Waiting to acquire shared lock on daemon addresses registry.
2024-06-11T09:32:52.108+0530 [DEBUG] [org.gradle.cache.internal.DefaultFileLockManager] Lock acquired on daemon addresses registry.
2024-06-11T09:32:52.109+0530 [DEBUG] [org.gradle.cache.internal.DefaultFileLockManager] Releasing lock on daemon addresses registry.
2024-06-11T09:33:02.094+0530 [DEBUG] [org.gradle.cache.internal.DefaultFileLockManager] Waiting to acquire shared lock on daemon addresses registry.
2024-06-11T09:33:02.096+0530 [DEBUG] [org.gradle.cache.internal.DefaultFileLockManager] Lock acquired on daemon addresses registry.
2024-06-11T09:33:02.097+0530 [DEBUG] [org.gradle.cache.internal.DefaultFileLockManager] Releasing lock on daemon addresses registry.
2024-06-11T09:33:02.101+0530 [DEBUG] [org.gradle.cache.internal.DefaultFileLockManager] Waiting to acquire shared lock on daemon addresses registry.
2024-06-11T09:33:02.102+0530 [DEBUG] [org.gradle.cache.internal.DefaultFileLockManager] Lock acquired on daemon addresses registry.
2024-06-11T09:33:02.104+0530 [DEBUG] [org.gradle.cache.internal.DefaultFileLockManager] Releasing lock on daemon addresses registry.
2024-06-11T09:33:02.106+0530 [DEBUG] [org.gradle.cache.internal.DefaultFileLockManager] Waiting to acquire shared lock on daemon addresses registry.
2024-06-11T09:33:02.106+0530 [DEBUG] [org.gradle.cache.internal.DefaultFileLockManager] Lock acquired on daemon addresses registry.
2024-06-11T09:33:02.108+0530 [DEBUG] [org.gradle.cache.internal.DefaultFileLockManager] Releasing lock on daemon addresses registry.
2024-06-11T09:33:12.097+0530 [DEBUG] [org.gradle.cache.internal.DefaultFileLockManager] Waiting to acquire shared lock on daemon addresses registry.
2024-06-11T09:33:12.098+0530 [DEBUG] [org.gradle.cache.internal.DefaultFileLockManager] Lock acquired on daemon addresses registry.
2024-06-11T09:33:12.099+0530 [DEBUG] [org.gradle.cache.internal.DefaultFileLockManager] Releasing lock on daemon addresses registry.
2024-06-11T09:33:12.101+0530 [DEBUG] [org.gradle.cache.internal.DefaultFileLockManager] Waiting to acquire shared lock on daemon addresses registry.
2024-06-11T09:33:12.103+0530 [DEBUG] [org.gradle.cache.internal.DefaultFileLockManager] Lock acquired on daemon addresses registry.
2024-06-11T09:33:12.104+0530 [DEBUG] [org.gradle.cache.internal.DefaultFileLockManager] Releasing lock on daemon addresses registry.
2024-06-11T09:33:12.106+0530 [DEBUG] [org.gradle.cache.internal.DefaultFileLockManager] Waiting to acquire shared lock on daemon addresses registry.
2024-06-11T09:33:12.106+0530 [DEBUG] [org.gradle.cache.internal.DefaultFileLockManager] Lock acquired on daemon addresses registry.
2024-06-11T09:33:12.107+0530 [DEBUG] [org.gradle.cache.internal.DefaultFileLockManager] Releasing lock on daemon addresses registry.
2024-06-11T09:33:22.299+0530 [DEBUG] [org.gradle.cache.internal.DefaultFileLockManager] Waiting to acquire shared lock on daemon addresses registry.
2024-06-11T09:33:22.301+0530 [DEBUG] [org.gradle.cache.internal.DefaultFileLockManager] Lock acquired on daemon addresses registry.
2024-06-11T09:33:22.304+0530 [DEBUG] [org.gradle.cache.internal.DefaultFileLockManager] Releasing lock on daemon addresses registry.
2024-06-11T09:33:22.318+0530 [DEBUG] [org.gradle.cache.internal.DefaultFileLockManager] Waiting to acquire shared lock on daemon addresses registry.
2024-06-11T09:33:22.320+0530 [DEBUG] [org.gradle.cache.internal.DefaultFileLockManager] Lock acquired on daemon addresses registry.
2024-06-11T09:33:22.321+0530 [DEBUG] [org.gradle.cache.internal.DefaultFileLockManager] Releasing lock on daemon addresses registry.
2024-06-11T09:33:22.325+0530 [DEBUG] [org.gradle.cache.internal.DefaultFileLockManager] Waiting to acquire shared lock on daemon addresses registry.
2024-06-11T09:33:22.326+0530 [DEBUG] [org.gradle.cache.internal.DefaultFileLockManager] Lock acquired on daemon addresses registry.
2024-06-11T09:33:22.327+0530 [DEBUG] [org.gradle.cache.internal.DefaultFileLockManager] Releasing lock on daemon addresses registry.
2024-06-11T09:33:32.094+0530 [DEBUG] [org.gradle.cache.internal.DefaultFileLockManager] Waiting to acquire shared lock on daemon addresses registry.
2024-06-11T09:33:32.095+0530 [DEBUG] [org.gradle.cache.internal.DefaultFileLockManager] Lock acquired on daemon addresses registry.
2024-06-11T09:33:32.096+0530 [DEBUG] [org.gradle.cache.internal.DefaultFileLockManager] Releasing lock on daemon addresses registry.
2024-06-11T09:33:32.103+0530 [DEBUG] [org.gradle.cache.internal.DefaultFileLockManager] Waiting to acquire shared lock on daemon addresses registry.
2024-06-11T09:33:32.104+0530 [DEBUG] [org.gradle.cache.internal.DefaultFileLockManager] Lock acquired on daemon addresses registry.
2024-06-11T09:33:32.114+0530 [DEBUG] [org.gradle.cache.internal.DefaultFileLockManager] Releasing lock on daemon addresses registry.
2024-06-11T09:33:32.117+0530 [DEBUG] [org.gradle.cache.internal.DefaultFileLockManager] Waiting to acquire shared lock on daemon addresses registry.
2024-06-11T09:33:32.118+0530 [DEBUG] [org.gradle.cache.internal.DefaultFileLockManager] Lock acquired on daemon addresses registry.
2024-06-11T09:33:32.130+0530 [DEBUG] [org.gradle.cache.internal.DefaultFileLockManager] Releasing lock on daemon addresses registry.
2024-06-11T09:33:42.095+0530 [DEBUG] [org.gradle.cache.internal.DefaultFileLockManager] Waiting to acquire shared lock on daemon addresses registry.
2024-06-11T09:33:42.096+0530 [DEBUG] [org.gradle.cache.internal.DefaultFileLockManager] Lock acquired on daemon addresses registry.
2024-06-11T09:33:42.097+0530 [DEBUG] [org.gradle.cache.internal.DefaultFileLockManager] Releasing lock on daemon addresses registry.
2024-06-11T09:33:42.101+0530 [DEBUG] [org.gradle.cache.internal.DefaultFileLockManager] Waiting to acquire shared lock on daemon addresses registry.
2024-06-11T09:33:42.102+0530 [DEBUG] [org.gradle.cache.internal.DefaultFileLockManager] Lock acquired on daemon addresses registry.
2024-06-11T09:33:42.103+0530 [DEBUG] [org.gradle.cache.internal.DefaultFileLockManager] Releasing lock on daemon addresses registry.
2024-06-11T09:33:42.106+0530 [DEBUG] [org.gradle.cache.internal.DefaultFileLockManager] Waiting to acquire shared lock on daemon addresses registry.
2024-06-11T09:33:42.107+0530 [DEBUG] [org.gradle.cache.internal.DefaultFileLockManager] Lock acquired on daemon addresses registry.
2024-06-11T09:33:42.109+0530 [DEBUG] [org.gradle.cache.internal.DefaultFileLockManager] Releasing lock on daemon addresses registry.
2024-06-11T09:33:52.096+0530 [DEBUG] [org.gradle.cache.internal.DefaultFileLockManager] Waiting to acquire shared lock on daemon addresses registry.
2024-06-11T09:33:52.099+0530 [DEBUG] [org.gradle.cache.internal.DefaultFileLockManager] Lock acquired on daemon addresses registry.
2024-06-11T09:33:52.103+0530 [DEBUG] [org.gradle.cache.internal.DefaultFileLockManager] Releasing lock on daemon addresses registry.
2024-06-11T09:33:52.111+0530 [DEBUG] [org.gradle.cache.internal.DefaultFileLockManager] Waiting to acquire shared lock on daemon addresses registry.
2024-06-11T09:33:52.113+0530 [DEBUG] [org.gradle.cache.internal.DefaultFileLockManager] Lock acquired on daemon addresses registry.
2024-06-11T09:33:52.114+0530 [DEBUG] [org.gradle.cache.internal.DefaultFileLockManager] Releasing lock on daemon addresses registry.
2024-06-11T09:33:52.117+0530 [DEBUG] [org.gradle.cache.internal.DefaultFileLockManager] Waiting to acquire shared lock on daemon addresses registry.
2024-06-11T09:33:52.118+0530 [DEBUG] [org.gradle.cache.internal.DefaultFileLockManager] Lock acquired on daemon addresses registry.
2024-06-11T09:33:52.121+0530 [DEBUG] [org.gradle.cache.internal.DefaultFileLockManager] Releasing lock on daemon addresses registry.
2024-06-11T09:34:02.295+0530 [DEBUG] [org.gradle.cache.internal.DefaultFileLockManager] Waiting to acquire shared lock on daemon addresses registry.
2024-06-11T09:34:02.296+0530 [DEBUG] [org.gradle.cache.internal.DefaultFileLockManager] Lock acquired on daemon addresses registry.
2024-06-11T09:34:02.298+0530 [DEBUG] [org.gradle.cache.internal.DefaultFileLockManager] Releasing lock on daemon addresses registry.
2024-06-11T09:34:02.303+0530 [DEBUG] [org.gradle.cache.internal.DefaultFileLockManager] Waiting to acquire shared lock on daemon addresses registry.
2024-06-11T09:34:02.304+0530 [DEBUG] [org.gradle.cache.internal.DefaultFileLockManager] Lock acquired on daemon addresses registry.
2024-06-11T09:34:02.305+0530 [DEBUG] [org.gradle.cache.internal.DefaultFileLockManager] Releasing lock on daemon addresses registry.
2024-06-11T09:34:02.308+0530 [DEBUG] [org.gradle.cache.internal.DefaultFileLockManager] Waiting to acquire shared lock on daemon addresses registry.
2024-06-11T09:34:02.309+0530 [DEBUG] [org.gradle.cache.internal.DefaultFileLockManager] Lock acquired on daemon addresses registry.
2024-06-11T09:34:02.311+0530 [DEBUG] [org.gradle.cache.internal.DefaultFileLockManager] Releasing lock on daemon addresses registry.
2024-06-11T09:34:12.098+0530 [DEBUG] [org.gradle.cache.internal.DefaultFileLockManager] Waiting to acquire shared lock on daemon addresses registry.
2024-06-11T09:34:12.099+0530 [DEBUG] [org.gradle.cache.internal.DefaultFileLockManager] Lock acquired on daemon addresses registry.
2024-06-11T09:34:12.101+0530 [DEBUG] [org.gradle.cache.internal.DefaultFileLockManager] Releasing lock on daemon addresses registry.
2024-06-11T09:34:12.106+0530 [DEBUG] [org.gradle.cache.internal.DefaultFileLockManager] Waiting to acquire shared lock on daemon addresses registry.
2024-06-11T09:34:12.107+0530 [DEBUG] [org.gradle.cache.internal.DefaultFileLockManager] Lock acquired on daemon addresses registry.
2024-06-11T09:34:12.108+0530 [DEBUG] [org.gradle.cache.internal.DefaultFileLockManager] Releasing lock on daemon addresses registry.
2024-06-11T09:34:12.113+0530 [DEBUG] [org.gradle.cache.internal.DefaultFileLockManager] Waiting to acquire shared lock on daemon addresses registry.
2024-06-11T09:34:12.115+0530 [DEBUG] [org.gradle.cache.internal.DefaultFileLockManager] Lock acquired on daemon addresses registry.
2024-06-11T09:34:12.116+0530 [DEBUG] [org.gradle.cache.internal.DefaultFileLockManager] Releasing lock on daemon addresses registry.
2024-06-11T09:34:22.525+0530 [DEBUG] [org.gradle.cache.internal.DefaultFileLockManager] Waiting to acquire shared lock on daemon addresses registry.
2024-06-11T09:34:22.527+0530 [DEBUG] [org.gradle.cache.internal.DefaultFileLockManager] Lock acquired on daemon addresses registry.
2024-06-11T09:34:22.599+0530 [DEBUG] [org.gradle.cache.internal.DefaultFileLockManager] Releasing lock on daemon addresses registry.
2024-06-11T09:34:22.603+0530 [DEBUG] [org.gradle.cache.internal.DefaultFileLockManager] Waiting to acquire shared lock on daemon addresses registry.
2024-06-11T09:34:22.604+0530 [DEBUG] [org.gradle.cache.internal.DefaultFileLockManager] Lock acquired on daemon addresses registry.
2024-06-11T09:34:22.605+0530 [DEBUG] [org.gradle.cache.internal.DefaultFileLockManager] Releasing lock on daemon addresses registry.
2024-06-11T09:34:22.612+0530 [DEBUG] [org.gradle.cache.internal.DefaultFileLockManager] Waiting to acquire shared lock on daemon addresses registry.
2024-06-11T09:34:22.616+0530 [DEBUG] [org.gradle.cache.internal.DefaultFileLockManager] Lock acquired on daemon addresses registry.
2024-06-11T09:34:22.619+0530 [DEBUG] [org.gradle.cache.internal.DefaultFileLockManager] Releasing lock on daemon addresses registry.
2024-06-11T09:34:32.250+0530 [DEBUG] [org.gradle.cache.internal.DefaultFileLockManager] Waiting to acquire shared lock on daemon addresses registry.
2024-06-11T09:34:32.251+0530 [DEBUG] [org.gradle.cache.internal.DefaultFileLockManager] Lock acquired on daemon addresses registry.
2024-06-11T09:34:32.253+0530 [DEBUG] [org.gradle.cache.internal.DefaultFileLockManager] Releasing lock on daemon addresses registry.
2024-06-11T09:34:32.273+0530 [DEBUG] [org.gradle.cache.internal.DefaultFileLockManager] Waiting to acquire shared lock on daemon addresses registry.
2024-06-11T09:34:32.304+0530 [DEBUG] [org.gradle.cache.internal.DefaultFileLockManager] Lock acquired on daemon addresses registry.
2024-06-11T09:34:32.306+0530 [DEBUG] [org.gradle.cache.internal.DefaultFileLockManager] Releasing lock on daemon addresses registry.
2024-06-11T09:34:32.310+0530 [DEBUG] [org.gradle.cache.internal.DefaultFileLockManager] Waiting to acquire shared lock on daemon addresses registry.
2024-06-11T09:34:32.312+0530 [DEBUG] [org.gradle.cache.internal.DefaultFileLockManager] Lock acquired on daemon addresses registry.
2024-06-11T09:34:32.315+0530 [DEBUG] [org.gradle.cache.internal.DefaultFileLockManager] Releasing lock on daemon addresses registry.
2024-06-11T09:34:42.103+0530 [DEBUG] [org.gradle.cache.internal.DefaultFileLockManager] Waiting to acquire shared lock on daemon addresses registry.
2024-06-11T09:34:42.106+0530 [DEBUG] [org.gradle.cache.internal.DefaultFileLockManager] Lock acquired on daemon addresses registry.
2024-06-11T09:34:42.108+0530 [DEBUG] [org.gradle.cache.internal.DefaultFileLockManager] Releasing lock on daemon addresses registry.
2024-06-11T09:34:42.119+0530 [DEBUG] [org.gradle.cache.internal.DefaultFileLockManager] Waiting to acquire shared lock on daemon addresses registry.
2024-06-11T09:34:42.120+0530 [DEBUG] [org.gradle.cache.internal.DefaultFileLockManager] Lock acquired on daemon addresses registry.
2024-06-11T09:34:42.126+0530 [DEBUG] [org.gradle.cache.internal.DefaultFileLockManager] Releasing lock on daemon addresses registry.
2024-06-11T09:34:42.130+0530 [DEBUG] [org.gradle.cache.internal.DefaultFileLockManager] Waiting to acquire shared lock on daemon addresses registry.
2024-06-11T09:34:42.139+0530 [DEBUG] [org.gradle.cache.internal.DefaultFileLockManager] Lock acquired on daemon addresses registry.
2024-06-11T09:34:42.141+0530 [DEBUG] [org.gradle.cache.internal.DefaultFileLockManager] Releasing lock on daemon addresses registry.
2024-06-11T09:34:52.462+0530 [DEBUG] [org.gradle.cache.internal.DefaultFileLockManager] Waiting to acquire shared lock on daemon addresses registry.
2024-06-11T09:34:52.463+0530 [DEBUG] [org.gradle.cache.internal.DefaultFileLockManager] Lock acquired on daemon addresses registry.
2024-06-11T09:34:52.464+0530 [DEBUG] [org.gradle.cache.internal.DefaultFileLockManager] Releasing lock on daemon addresses registry.
2024-06-11T09:34:52.470+0530 [DEBUG] [org.gradle.cache.internal.DefaultFileLockManager] Waiting to acquire shared lock on daemon addresses registry.
2024-06-11T09:34:52.471+0530 [DEBUG] [org.gradle.cache.internal.DefaultFileLockManager] Lock acquired on daemon addresses registry.
2024-06-11T09:34:52.642+0530 [DEBUG] [org.gradle.cache.internal.DefaultFileLockManager] Releasing lock on daemon addresses registry.
2024-06-11T09:34:52.649+0530 [DEBUG] [org.gradle.cache.internal.DefaultFileLockManager] Waiting to acquire shared lock on daemon addresses registry.
2024-06-11T09:34:52.650+0530 [DEBUG] [org.gradle.cache.internal.DefaultFileLockManager] Lock acquired on daemon addresses registry.
2024-06-11T09:34:52.651+0530 [DEBUG] [org.gradle.cache.internal.DefaultFileLockManager] Releasing lock on daemon addresses registry.
2024-06-11T09:35:02.562+0530 [DEBUG] [org.gradle.cache.internal.DefaultFileLockManager] Waiting to acquire shared lock on daemon addresses registry.
2024-06-11T09:35:02.563+0530 [DEBUG] [org.gradle.cache.internal.DefaultFileLockManager] Lock acquired on daemon addresses registry.
2024-06-11T09:35:02.564+0530 [DEBUG] [org.gradle.cache.internal.DefaultFileLockManager] Releasing lock on daemon addresses registry.
2024-06-11T09:35:02.573+0530 [DEBUG] [org.gradle.cache.internal.DefaultFileLockManager] Waiting to acquire shared lock on daemon addresses registry.
2024-06-11T09:35:02.574+0530 [DEBUG] [org.gradle.cache.internal.DefaultFileLockManager] Lock acquired on daemon addresses registry.
2024-06-11T09:35:02.577+0530 [DEBUG] [org.gradle.cache.internal.DefaultFileLockManager] Releasing lock on daemon addresses registry.
2024-06-11T09:35:02.657+0530 [DEBUG] [org.gradle.cache.internal.DefaultFileLockManager] Waiting to acquire shared lock on daemon addresses registry.
2024-06-11T09:35:02.658+0530 [DEBUG] [org.gradle.cache.internal.DefaultFileLockManager] Lock acquired on daemon addresses registry.
2024-06-11T09:35:02.661+0530 [DEBUG] [org.gradle.cache.internal.DefaultFileLockManager] Releasing lock on daemon addresses registry.
2024-06-11T09:35:12.103+0530 [DEBUG] [org.gradle.cache.internal.DefaultFileLockManager] Waiting to acquire shared lock on daemon addresses registry.
2024-06-11T09:35:12.104+0530 [DEBUG] [org.gradle.cache.internal.DefaultFileLockManager] Lock acquired on daemon addresses registry.
2024-06-11T09:35:12.105+0530 [DEBUG] [org.gradle.cache.internal.DefaultFileLockManager] Releasing lock on daemon addresses registry.
2024-06-11T09:35:12.109+0530 [DEBUG] [org.gradle.cache.internal.DefaultFileLockManager] Waiting to acquire shared lock on daemon addresses registry.
2024-06-11T09:35:12.110+0530 [DEBUG] [org.gradle.cache.internal.DefaultFileLockManager] Lock acquired on daemon addresses registry.
2024-06-11T09:35:12.111+0530 [DEBUG] [org.gradle.cache.internal.DefaultFileLockManager] Releasing lock on daemon addresses registry.
2024-06-11T09:35:12.114+0530 [DEBUG] [org.gradle.cache.internal.DefaultFileLockManager] Waiting to acquire shared lock on daemon addresses registry.
2024-06-11T09:35:12.115+0530 [DEBUG] [org.gradle.cache.internal.DefaultFileLockManager] Lock acquired on daemon addresses registry.
2024-06-11T09:35:12.116+0530 [DEBUG] [org.gradle.cache.internal.DefaultFileLockManager] Releasing lock on daemon addresses registry.
2024-06-11T09:35:20.751+0530 [DEBUG] [org.gradle.internal.remote.internal.inet.TcpIncomingConnector] Accepted connection from /127.0.0.1:55045 to /127.0.0.1:55002.
2024-06-11T09:35:20.775+0530 [DEBUG] [org.gradle.launcher.daemon.server.SynchronizedDispatchConnection] thread 89: received class org.gradle.launcher.daemon.protocol.Build
2024-06-11T09:35:20.776+0530 [DEBUG] [org.gradle.launcher.daemon.server.DefaultDaemonConnection] thread 89: Received non-IO message from client: Build{id=a0f3ec77-be6c-48e4-8309-1a91f7be3308, currentDir=D:\CAPITAL BLUETOOTH GITHUB\RIO_CONFIGURATOR\RIO_CONFIG_V2.0}
2024-06-11T09:35:20.776+0530 [INFO] [org.gradle.launcher.daemon.server.DefaultIncomingConnectionHandler] Received command: Build{id=a0f3ec77-be6c-48e4-8309-1a91f7be3308, currentDir=D:\CAPITAL BLUETOOTH GITHUB\RIO_CONFIGURATOR\RIO_CONFIG_V2.0}.
2024-06-11T09:35:20.776+0530 [DEBUG] [org.gradle.launcher.daemon.server.DefaultIncomingConnectionHandler] Starting executing command: Build{id=a0f3ec77-be6c-48e4-8309-1a91f7be3308, currentDir=D:\CAPITAL BLUETOOTH GITHUB\RIO_CONFIGURATOR\RIO_CONFIG_V2.0} with connection: socket connection from /127.0.0.1:55002 to /127.0.0.1:55045.
2024-06-11T09:35:20.777+0530 [DEBUG] [org.gradle.launcher.daemon.server.DaemonStateCoordinator] Command execution: started DaemonCommandExecution[command = Build{id=a0f3ec77-be6c-48e4-8309-1a91f7be3308, currentDir=D:\CAPITAL BLUETOOTH GITHUB\RIO_CONFIGURATOR\RIO_CONFIG_V2.0}, connection = DefaultDaemonConnection: socket connection from /127.0.0.1:55002 to /127.0.0.1:55045] after 4.0 minutes of idle
2024-06-11T09:35:20.777+0530 [INFO] [org.gradle.launcher.daemon.server.DaemonRegistryUpdater] Marking the daemon as busy, address: [b823f6d8-e5a7-481a-93fc-ee2d0c06c6d7 port:55002, addresses:[localhost/127.0.0.1]]
2024-06-11T09:35:20.778+0530 [DEBUG] [org.gradle.launcher.daemon.registry.PersistentDaemonRegistry] Marking busy by address: [b823f6d8-e5a7-481a-93fc-ee2d0c06c6d7 port:55002, addresses:[localhost/127.0.0.1]]
2024-06-11T09:35:20.779+0530 [DEBUG] [org.gradle.cache.internal.DefaultFileLockManager] Waiting to acquire exclusive lock on daemon addresses registry.
2024-06-11T09:35:20.781+0530 [DEBUG] [org.gradle.cache.internal.DefaultFileLockManager] Lock acquired on daemon addresses registry.
2024-06-11T09:35:20.787+0530 [DEBUG] [org.gradle.cache.internal.DefaultFileLockManager] Releasing lock on daemon addresses registry.
2024-06-11T09:35:20.788+0530 [DEBUG] [org.gradle.launcher.daemon.server.DaemonStateCoordinator] resetting idle timer
2024-06-11T09:35:20.788+0530 [DEBUG] [org.gradle.launcher.daemon.server.DaemonStateCoordinator] daemon is running. Sleeping until state changes.
2024-06-11T09:35:20.790+0530 [INFO] [org.gradle.launcher.daemon.server.exec.StartBuildOrRespondWithBusy] Daemon is about to start building Build{id=a0f3ec77-be6c-48e4-8309-1a91f7be3308, currentDir=D:\CAPITAL BLUETOOTH GITHUB\RIO_CONFIGURATOR\RIO_CONFIG_V2.0}. Dispatching build started information...
2024-06-11T09:35:20.790+0530 [DEBUG] [org.gradle.launcher.daemon.server.SynchronizedDispatchConnection] thread 91: dispatching org.gradle.launcher.daemon.protocol.BuildStarted@d1b2122
2024-06-11T09:35:20.793+0530 [DEBUG] [org.gradle.launcher.daemon.server.exec.EstablishBuildEnvironment] Configuring env variables: [USERDOMAIN_ROAMINGPROFILE, LOCALAPPDATA, PROCESSOR_LEVEL, USERDOMAIN, LOGONSERVER, FPS_BROWSER_APP_PROFILE_STRING, SESSIONNAME, ALLUSERSPROFILE, PROCESSOR_ARCHITECTURE, PSModulePath, SystemDrive, OneDrive, APPDATA, USERNAME, ProgramFiles(x86), CommonProgramFiles, Path, FPS_BROWSER_USER_PROFILE_STRING, PATHEXT, DriverData, OS, COMPUTERNAME, PROCESSOR_REVISION, CommonProgramW6432, ComSpec, ProgramData, ProgramW6432, TEMP, HOMEPATH, SystemRoot, PROCESSOR_IDENTIFIER, HOMEDRIVE, USERPROFILE, TMP, CommonProgramFiles(x86), ProgramFiles, PUBLIC, windir, NUMBER_OF_PROCESSORS, =::, IDEA_INITIAL_DIRECTORY]
2024-06-11T09:35:20.795+0530 [DEBUG] [org.gradle.launcher.daemon.server.SynchronizedDispatchConnection] thread 89: received class org.gradle.launcher.daemon.protocol.CloseInput
2024-06-11T09:35:20.795+0530 [DEBUG] [org.gradle.launcher.daemon.server.DefaultDaemonConnection] thread 89: Received IO message from client: org.gradle.launcher.daemon.protocol.CloseInput@7c52599f
2024-06-11T09:35:20.796+0530 [DEBUG] [org.gradle.launcher.daemon.server.exec.LogToClient] About to start relaying all logs to the client via the connection.
2024-06-11T09:35:20.798+0530 [INFO] [org.gradle.launcher.daemon.server.exec.LogToClient] The client will now receive all logging from the daemon (pid: 18824). The daemon log file: D:\CAPITAL BLUETOOTH GITHUB\RIO_CONFIGURATOR\RIO_CONFIG_V2.0\daemon\8.6\daemon-18824.out.log
2024-06-11T09:35:20.803+0530 [INFO] [org.gradle.launcher.daemon.server.exec.LogAndCheckHealth] Starting 2nd build in daemon [uptime: 5 mins 30.77 secs, performance: 99%, GC rate: 0.00/s, heap usage: 0% of 512 MiB, non-heap usage: 29% of 384 MiB]
2024-06-11T09:35:20.803+0530 [DEBUG] [org.gradle.launcher.daemon.server.exec.ExecuteBuild] The daemon has started executing the build.
2024-06-11T09:35:20.804+0530 [DEBUG] [org.gradle.launcher.daemon.server.exec.ExecuteBuild] Executing build with daemon context: DefaultDaemonContext[uid=30e00098-2a59-4515-8b8e-3a81ae0ae857,javaHome=C:\Program Files\Android\Android Studio\jbr,daemonRegistryDir=D:\CAPITAL BLUETOOTH GITHUB\RIO_CONFIGURATOR\RIO_CONFIG_V2.0\daemon,pid=18824,idleTimeout=10800000,priority=NORMAL,applyInstrumentationAgent=true,daemonOpts=--add-opens=java.base/java.util=ALL-UNNAMED,--add-opens=java.base/java.lang=ALL-UNNAMED,--add-opens=java.base/java.lang.invoke=ALL-UNNAMED,--add-opens=java.prefs/java.util.prefs=ALL-UNNAMED,--add-opens=java.base/java.nio.charset=ALL-UNNAMED,--add-opens=java.base/java.net=ALL-UNNAMED,--add-opens=java.base/java.util.concurrent.atomic=ALL-UNNAMED,-XX:MaxMetaspaceSize=384m,-XX:+HeapDumpOnOutOfMemoryError,-Xms256m,-Xmx512m,-Dfile.encoding=windows-1252,-Duser.country=IN,-Duser.language=en,-Duser.variant]
Note: Some input files use or override a deprecated API.
Note: Recompile with -Xlint:deprecation for details.
Exception in thread "Memory manager" java.lang.OutOfMemoryError: Java heap space
	at java.base/java.util.concurrent.locks.AbstractQueuedSynchronizer$ConditionObject.await(AbstractQueuedSynchronizer.java:1610)
	at java.base/java.util.concurrent.ScheduledThreadPoolExecutor$DelayedWorkQueue.take(ScheduledThreadPoolExecutor.java:1170)
	at java.base/java.util.concurrent.ScheduledThreadPoolExecutor$DelayedWorkQueue.take(ScheduledThreadPoolExecutor.java:899)
	at java.base/java.util.concurrent.ThreadPoolExecutor.getTask(ThreadPoolExecutor.java:1062)
	at java.base/java.util.concurrent.ThreadPoolExecutor.runWorker(ThreadPoolExecutor.java:1122)
	at java.base/java.util.concurrent.ThreadPoolExecutor$Worker.run(ThreadPoolExecutor.java:635)
	at java.base/java.lang.Thread.run(Thread.java:840)
The Daemon will expire after the build after running out of JVM heap space.
The project memory settings are likely not configured or are configured to an insufficient value.
The daemon will restart for the next build, which may increase subsequent build times.
These settings can be adjusted by setting 'org.gradle.jvmargs' in 'gradle.properties'.
The currently configured max heap space is '512 MiB' and the configured max metaspace is '384 MiB'.
For more information on how to set these values, please refer to https://docs.gradle.org/8.6/userguide/build_environment.html#sec:configuring_jvm_memory in the Gradle documentation.
To disable this warning, set 'org.gradle.daemon.performance.disable-logging=true'.
Daemon will be stopped at the end of the build after running out of JVM heap space
Problem in daemon expiration check
java.lang.OutOfMemoryError: Java heap space
AGPBI: {"kind":"error","text":"java.lang.OutOfMemoryError: Java heap space","sources":[{}],"tool":"D8"}
com.android.builder.dexing.DexArchiveMergerException: Error while merging dex archives: 
	at com.android.builder.dexing.D8DexArchiveMerger.getMergingExceptionToRethrow(D8DexArchiveMerger.java:220)
	at com.android.builder.dexing.D8DexArchiveMerger.mergeDexArchives(D8DexArchiveMerger.java:208)
	at com.android.build.gradle.internal.tasks.DexMergingWorkAction.merge(DexMergingTask.kt:893)
	at com.android.build.gradle.internal.tasks.DexMergingWorkAction.run(DexMergingTask.kt:845)
	at com.android.build.gradle.internal.profile.ProfileAwareWorkAction.execute(ProfileAwareWorkAction.kt:74)
	at org.gradle.workers.internal.DefaultWorkerServer.execute(DefaultWorkerServer.java:63)
	at org.gradle.workers.internal.NoIsolationWorkerFactory$1$1.create(NoIsolationWorkerFactory.java:66)
	at org.gradle.workers.internal.NoIsolationWorkerFactory$1$1.create(NoIsolationWorkerFactory.java:62)
	at org.gradle.internal.classloader.ClassLoaderUtils.executeInClassloader(ClassLoaderUtils.java:100)
	at org.gradle.workers.internal.NoIsolationWorkerFactory$1.lambda$execute$0(NoIsolationWorkerFactory.java:62)
	at org.gradle.workers.internal.AbstractWorker$1.call(AbstractWorker.java:44)
	at org.gradle.workers.internal.AbstractWorker$1.call(AbstractWorker.java:41)
	at org.gradle.internal.operations.DefaultBuildOperationRunner$CallableBuildOperationWorker.execute(DefaultBuildOperationRunner.java:204)
	at org.gradle.internal.operations.DefaultBuildOperationRunner$CallableBuildOperationWorker.execute(DefaultBuildOperationRunner.java:199)
	at org.gradle.internal.operations.DefaultBuildOperationRunner$2.execute(DefaultBuildOperationRunner.java:66)
	at org.gradle.internal.operations.DefaultBuildOperationRunner$2.execute(DefaultBuildOperationRunner.java:59)
	at org.gradle.internal.operations.DefaultBuildOperationRunner.execute(DefaultBuildOperationRunner.java:157)
	at org.gradle.internal.operations.DefaultBuildOperationRunner.execute(DefaultBuildOperationRunner.java:59)
	at org.gradle.internal.operations.DefaultBuildOperationRunner.call(DefaultBuildOperationRunner.java:53)
	at org.gradle.internal.operations.DefaultBuildOperationExecutor.call(DefaultBuildOperationExecutor.java:73)
	at org.gradle.workers.internal.AbstractWorker.executeWrappedInBuildOperation(AbstractWorker.java:41)
	at org.gradle.workers.internal.NoIsolationWorkerFactory$1.execute(NoIsolationWorkerFactory.java:59)
	at org.gradle.workers.internal.DefaultWorkerExecutor.lambda$submitWork$0(DefaultWorkerExecutor.java:170)
	at java.base/java.util.concurrent.FutureTask.run(FutureTask.java:264)
	at org.gradle.internal.work.DefaultConditionalExecutionQueue$ExecutionRunner.runExecution(DefaultConditionalExecutionQueue.java:187)
	at org.gradle.internal.work.DefaultConditionalExecutionQueue$ExecutionRunner.access$700(DefaultConditionalExecutionQueue.java:120)
	at org.gradle.internal.work.DefaultConditionalExecutionQueue$ExecutionRunner$1.run(DefaultConditionalExecutionQueue.java:162)
	at org.gradle.internal.Factories$1.create(Factories.java:31)
	at org.gradle.internal.work.DefaultWorkerLeaseService.withLocks(DefaultWorkerLeaseService.java:264)
	at org.gradle.internal.work.DefaultWorkerLeaseService.runAsWorkerThread(DefaultWorkerLeaseService.java:128)
	at org.gradle.internal.work.DefaultWorkerLeaseService.runAsWorkerThread(DefaultWorkerLeaseService.java:133)
	at org.gradle.internal.work.DefaultConditionalExecutionQueue$ExecutionRunner.runBatch(DefaultConditionalExecutionQueue.java:157)
	at org.gradle.internal.work.DefaultConditionalExecutionQueue$ExecutionRunner.run(DefaultConditionalExecutionQueue.java:126)
	at java.base/java.util.concurrent.Executors$RunnableAdapter.call(Executors.java:539)
	at java.base/java.util.concurrent.FutureTask.run(FutureTask.java:264)
	at org.gradle.internal.concurrent.ExecutorPolicy$CatchAndRecordFailures.onExecute(ExecutorPolicy.java:64)
	at org.gradle.internal.concurrent.AbstractManagedExecutor$1.run(AbstractManagedExecutor.java:47)
	at java.base/java.util.concurrent.ThreadPoolExecutor.runWorker(ThreadPoolExecutor.java:1136)
	at java.base/java.util.concurrent.ThreadPoolExecutor$Worker.run(ThreadPoolExecutor.java:635)
	at java.base/java.lang.Thread.run(Thread.java:840)
Caused by: com.android.tools.r8.CompilationFailedException: Compilation failed to complete
	at Version.fakeStackEntry(Version_8.4.26.java:0)
	at com.android.tools.r8.Q.a(R8_8.4.26_77dfd09faba626680cedf50ad7c68fca6a451f7fcded90f98512e36c79c34d81:5)
	at com.android.tools.r8.internal.qo.a(R8_8.4.26_77dfd09faba626680cedf50ad7c68fca6a451f7fcded90f98512e36c79c34d81:82)
	at com.android.tools.r8.internal.qo.a(R8_8.4.26_77dfd09faba626680cedf50ad7c68fca6a451f7fcded90f98512e36c79c34d81:32)
	at com.android.tools.r8.internal.qo.a(R8_8.4.26_77dfd09faba626680cedf50ad7c68fca6a451f7fcded90f98512e36c79c34d81:31)
	at com.android.tools.r8.internal.qo.b(R8_8.4.26_77dfd09faba626680cedf50ad7c68fca6a451f7fcded90f98512e36c79c34d81:2)
	at com.android.tools.r8.D8.run(R8_8.4.26_77dfd09faba626680cedf50ad7c68fca6a451f7fcded90f98512e36c79c34d81:11)
	at com.android.builder.dexing.D8DexArchiveMerger.mergeDexArchives(D8DexArchiveMerger.java:206)
	... 38 more
Caused by: java.lang.OutOfMemoryError: Java heap space


FAILURE: Build failed with an exception.

* What went wrong:
Execution failed for task ':Application:mergeExtDexDebug'.
> A failure occurred while executing com.android.build.gradle.internal.tasks.DexMergingTaskDelegate
   > There was a failure while executing work items
      > A failure occurred while executing com.android.build.gradle.internal.tasks.DexMergingWorkAction
         > com.android.builder.dexing.DexArchiveMergerException: Error while merging dex archives: 

* Try:
> Run with --info or --debug option to get more log output.
> Run with --scan to get full insights.
> Get more help at https://help.gradle.org.

* Exception is:
org.gradle.api.tasks.TaskExecutionException: Execution failed for task ':Application:mergeExtDexDebug'.
	at org.gradle.api.internal.tasks.execution.ExecuteActionsTaskExecuter.lambda$executeIfValid$1(ExecuteActionsTaskExecuter.java:148)
	at org.gradle.internal.Try$Failure.ifSuccessfulOrElse(Try.java:282)
	at org.gradle.api.internal.tasks.execution.ExecuteActionsTaskExecuter.executeIfValid(ExecuteActionsTaskExecuter.java:146)
	at org.gradle.api.internal.tasks.execution.ExecuteActionsTaskExecuter.execute(ExecuteActionsTaskExecuter.java:134)
	at org.gradle.api.internal.tasks.execution.FinalizePropertiesTaskExecuter.execute(FinalizePropertiesTaskExecuter.java:46)
	at org.gradle.api.internal.tasks.execution.ResolveTaskExecutionModeExecuter.execute(ResolveTaskExecutionModeExecuter.java:51)
	at org.gradle.api.internal.tasks.execution.SkipTaskWithNoActionsExecuter.execute(SkipTaskWithNoActionsExecuter.java:57)
	at org.gradle.api.internal.tasks.execution.SkipOnlyIfTaskExecuter.execute(SkipOnlyIfTaskExecuter.java:74)
	at org.gradle.api.internal.tasks.execution.CatchExceptionTaskExecuter.execute(CatchExceptionTaskExecuter.java:36)
	at org.gradle.api.internal.tasks.execution.EventFiringTaskExecuter$1.executeTask(EventFiringTaskExecuter.java:77)
	at org.gradle.api.internal.tasks.execution.EventFiringTaskExecuter$1.call(EventFiringTaskExecuter.java:55)
	at org.gradle.api.internal.tasks.execution.EventFiringTaskExecuter$1.call(EventFiringTaskExecuter.java:52)
	at org.gradle.internal.operations.DefaultBuildOperationRunner$CallableBuildOperationWorker.execute(DefaultBuildOperationRunner.java:204)
	at org.gradle.internal.operations.DefaultBuildOperationRunner$CallableBuildOperationWorker.execute(DefaultBuildOperationRunner.java:199)
	at org.gradle.internal.operations.DefaultBuildOperationRunner$2.execute(DefaultBuildOperationRunner.java:66)
	at org.gradle.internal.operations.DefaultBuildOperationRunner$2.execute(DefaultBuildOperationRunner.java:59)
	at org.gradle.internal.operations.DefaultBuildOperationRunner.execute(DefaultBuildOperationRunner.java:157)
	at org.gradle.internal.operations.DefaultBuildOperationRunner.execute(DefaultBuildOperationRunner.java:59)
	at org.gradle.internal.operations.DefaultBuildOperationRunner.call(DefaultBuildOperationRunner.java:53)
	at org.gradle.internal.operations.DefaultBuildOperationExecutor.call(DefaultBuildOperationExecutor.java:73)
	at org.gradle.api.internal.tasks.execution.EventFiringTaskExecuter.execute(EventFiringTaskExecuter.java:52)
	at org.gradle.execution.plan.LocalTaskNodeExecutor.execute(LocalTaskNodeExecutor.java:42)
	at org.gradle.execution.taskgraph.DefaultTaskExecutionGraph$InvokeNodeExecutorsAction.execute(DefaultTaskExecutionGraph.java:331)
	at org.gradle.execution.taskgraph.DefaultTaskExecutionGraph$InvokeNodeExecutorsAction.execute(DefaultTaskExecutionGraph.java:318)
	at org.gradle.execution.taskgraph.DefaultTaskExecutionGraph$BuildOperationAwareExecutionAction.lambda$execute$0(DefaultTaskExecutionGraph.java:314)
	at org.gradle.internal.operations.CurrentBuildOperationRef.with(CurrentBuildOperationRef.java:80)
	at org.gradle.execution.taskgraph.DefaultTaskExecutionGraph$BuildOperationAwareExecutionAction.execute(DefaultTaskExecutionGraph.java:314)
	at org.gradle.execution.taskgraph.DefaultTaskExecutionGraph$BuildOperationAwareExecutionAction.execute(DefaultTaskExecutionGraph.java:303)
	at org.gradle.execution.plan.DefaultPlanExecutor$ExecutorWorker.execute(DefaultPlanExecutor.java:463)
	at org.gradle.execution.plan.DefaultPlanExecutor$ExecutorWorker.run(DefaultPlanExecutor.java:380)
	at org.gradle.internal.concurrent.ExecutorPolicy$CatchAndRecordFailures.onExecute(ExecutorPolicy.java:64)
	at org.gradle.internal.concurrent.AbstractManagedExecutor$1.run(AbstractManagedExecutor.java:47)
Caused by: org.gradle.workers.internal.DefaultWorkerExecutor$WorkExecutionException: A failure occurred while executing com.android.build.gradle.internal.tasks.DexMergingTaskDelegate
	at org.gradle.workers.internal.DefaultWorkerExecutor.lambda$submitWork$0(DefaultWorkerExecutor.java:172)
	at org.gradle.internal.work.DefaultConditionalExecutionQueue$ExecutionRunner.runExecution(DefaultConditionalExecutionQueue.java:187)
	at org.gradle.internal.work.DefaultConditionalExecutionQueue$ExecutionRunner.access$700(DefaultConditionalExecutionQueue.java:120)
	at org.gradle.internal.work.DefaultConditionalExecutionQueue$ExecutionRunner$1.run(DefaultConditionalExecutionQueue.java:162)
	at org.gradle.internal.Factories$1.create(Factories.java:31)
	at org.gradle.internal.work.DefaultWorkerLeaseService.withLocks(DefaultWorkerLeaseService.java:264)
	at org.gradle.internal.work.DefaultWorkerLeaseService.runAsWorkerThread(DefaultWorkerLeaseService.java:128)
	at org.gradle.internal.work.DefaultWorkerLeaseService.runAsWorkerThread(DefaultWorkerLeaseService.java:133)
	at org.gradle.internal.work.DefaultConditionalExecutionQueue$ExecutionRunner.runBatch(DefaultConditionalExecutionQueue.java:157)
	at org.gradle.internal.work.DefaultConditionalExecutionQueue$ExecutionRunner.run(DefaultConditionalExecutionQueue.java:126)
	at org.gradle.internal.concurrent.ExecutorPolicy$CatchAndRecordFailures.onExecute(ExecutorPolicy.java:64)
	at org.gradle.internal.concurrent.AbstractManagedExecutor$1.run(AbstractManagedExecutor.java:47)
Caused by: org.gradle.workers.WorkerExecutionException: There was a failure while executing work items
	at org.gradle.workers.internal.DefaultWorkerExecutor.workerExecutionException(DefaultWorkerExecutor.java:219)
	at org.gradle.workers.internal.DefaultWorkerExecutor.await(DefaultWorkerExecutor.java:201)
	at org.gradle.workers.internal.NoIsolationWorkerFactory$1.lambda$execute$0(NoIsolationWorkerFactory.java:72)
	at org.gradle.workers.internal.AbstractWorker$1.call(AbstractWorker.java:44)
	at org.gradle.workers.internal.AbstractWorker$1.call(AbstractWorker.java:41)
	at org.gradle.internal.operations.DefaultBuildOperationRunner$CallableBuildOperationWorker.execute(DefaultBuildOperationRunner.java:204)
	at org.gradle.internal.operations.DefaultBuildOperationRunner$CallableBuildOperationWorker.execute(DefaultBuildOperationRunner.java:199)
	at org.gradle.internal.operations.DefaultBuildOperationRunner$2.execute(DefaultBuildOperationRunner.java:66)
	at org.gradle.internal.operations.DefaultBuildOperationRunner$2.execute(DefaultBuildOperationRunner.java:59)
	at org.gradle.internal.operations.DefaultBuildOperationRunner.execute(DefaultBuildOperationRunner.java:157)
	at org.gradle.internal.operations.DefaultBuildOperationRunner.execute(DefaultBuildOperationRunner.java:59)
	at org.gradle.internal.operations.DefaultBuildOperationRunner.call(DefaultBuildOperationRunner.java:53)
	at org.gradle.internal.operations.DefaultBuildOperationExecutor.call(DefaultBuildOperationExecutor.java:73)
	at org.gradle.workers.internal.AbstractWorker.executeWrappedInBuildOperation(AbstractWorker.java:41)
	at org.gradle.workers.internal.NoIsolationWorkerFactory$1.execute(NoIsolationWorkerFactory.java:59)
	at org.gradle.workers.internal.DefaultWorkerExecutor.lambda$submitWork$0(DefaultWorkerExecutor.java:170)
	... 11 more
Caused by: org.gradle.workers.internal.DefaultWorkerExecutor$WorkExecutionException: A failure occurred while executing com.android.build.gradle.internal.tasks.DexMergingWorkAction
	at org.gradle.workers.internal.DefaultWorkerExecutor$WorkItemExecution.waitForCompletion(DefaultWorkerExecutor.java:283)
	at org.gradle.internal.work.DefaultAsyncWorkTracker.lambda$waitForItemsAndGatherFailures$2(DefaultAsyncWorkTracker.java:130)
	at org.gradle.internal.Factories$1.create(Factories.java:31)
	at org.gradle.internal.work.DefaultWorkerLeaseService.withoutLocks(DefaultWorkerLeaseService.java:336)
	at org.gradle.internal.work.DefaultWorkerLeaseService.withoutLocks(DefaultWorkerLeaseService.java:319)
	at org.gradle.internal.work.DefaultWorkerLeaseService.withoutLock(DefaultWorkerLeaseService.java:324)
	at org.gradle.internal.work.DefaultAsyncWorkTracker.waitForItemsAndGatherFailures(DefaultAsyncWorkTracker.java:126)
	at org.gradle.internal.work.DefaultAsyncWorkTracker.waitForItemsAndGatherFailures(DefaultAsyncWorkTracker.java:88)
	at org.gradle.internal.work.DefaultAsyncWorkTracker.waitForAll(DefaultAsyncWorkTracker.java:78)
	at org.gradle.internal.work.DefaultAsyncWorkTracker.waitForCompletion(DefaultAsyncWorkTracker.java:66)
	at org.gradle.workers.internal.DefaultWorkerExecutor.await(DefaultWorkerExecutor.java:199)
	... 25 more
Caused by: java.lang.RuntimeException: com.android.builder.dexing.DexArchiveMergerException: Error while merging dex archives: 
	at com.android.build.gradle.internal.tasks.DexMergingWorkAction.merge(DexMergingTask.kt:908)
	at com.android.build.gradle.internal.tasks.DexMergingWorkAction.run(DexMergingTask.kt:845)
	at com.android.build.gradle.internal.profile.ProfileAwareWorkAction.execute(ProfileAwareWorkAction.kt:74)
	at org.gradle.workers.internal.DefaultWorkerServer.execute(DefaultWorkerServer.java:63)
	at org.gradle.workers.internal.NoIsolationWorkerFactory$1$1.create(NoIsolationWorkerFactory.java:66)
	at org.gradle.workers.internal.NoIsolationWorkerFactory$1$1.create(NoIsolationWorkerFactory.java:62)
	at org.gradle.internal.classloader.ClassLoaderUtils.executeInClassloader(ClassLoaderUtils.java:100)
	at org.gradle.workers.internal.NoIsolationWorkerFactory$1.lambda$execute$0(NoIsolationWorkerFactory.java:62)
	... 24 more
Caused by: com.android.builder.dexing.DexArchiveMergerException: Error while merging dex archives: 
	at com.android.builder.dexing.D8DexArchiveMerger.getMergingExceptionToRethrow(D8DexArchiveMerger.java:220)
	at com.android.builder.dexing.D8DexArchiveMerger.mergeDexArchives(D8DexArchiveMerger.java:208)
	at com.android.build.gradle.internal.tasks.DexMergingWorkAction.merge(DexMergingTask.kt:893)
	... 31 more
Caused by: com.android.tools.r8.CompilationFailedException: Compilation failed to complete
	at Version.fakeStackEntry(Version_8.4.26.java:0)
	at com.android.tools.r8.Q.a(R8_8.4.26_77dfd09faba626680cedf50ad7c68fca6a451f7fcded90f98512e36c79c34d81:5)
	at com.android.tools.r8.internal.qo.a(R8_8.4.26_77dfd09faba626680cedf50ad7c68fca6a451f7fcded90f98512e36c79c34d81:82)
	at com.android.tools.r8.internal.qo.a(R8_8.4.26_77dfd09faba626680cedf50ad7c68fca6a451f7fcded90f98512e36c79c34d81:32)
	at com.android.tools.r8.internal.qo.a(R8_8.4.26_77dfd09faba626680cedf50ad7c68fca6a451f7fcded90f98512e36c79c34d81:31)
	at com.android.tools.r8.internal.qo.b(R8_8.4.26_77dfd09faba626680cedf50ad7c68fca6a451f7fcded90f98512e36c79c34d81:2)
	at com.android.tools.r8.D8.run(R8_8.4.26_77dfd09faba626680cedf50ad7c68fca6a451f7fcded90f98512e36c79c34d81:11)
	at com.android.builder.dexing.D8DexArchiveMerger.mergeDexArchives(D8DexArchiveMerger.java:206)
	... 32 more
Caused by: java.lang.OutOfMemoryError: Java heap space


BUILD FAILED in 4m 58s
28 actionable tasks: 4 executed, 24 up-to-date
2024-06-11T09:40:20.199+0530 [DEBUG] [org.gradle.launcher.daemon.server.exec.ExecuteBuild] The daemon has finished executing the build.
2024-06-11T09:40:20.204+0530 [DEBUG] [org.gradle.launcher.daemon.server.health.HealthExpirationStrategy] Daemon health: [uptime: 10 mins 30.173 secs, performance: 58%, GC rate: 0.54/s, heap usage: 99% of 512 MiB, non-heap usage: 37% of 384 MiB]
2024-06-11T09:40:20.205+0530 [DEBUG] [org.gradle.launcher.daemon.server.DaemonRegistryUpdater] Storing daemon stop event: after running out of JVM heap space
2024-06-11T09:40:20.205+0530 [DEBUG] [org.gradle.launcher.daemon.registry.PersistentDaemonRegistry] Storing daemon stop event with timestamp 1718079020206
2024-06-11T09:40:20.207+0530 [DEBUG] [org.gradle.cache.internal.DefaultFileLockManager] Waiting to acquire exclusive lock on daemon addresses registry.
2024-06-11T09:40:20.212+0530 [DEBUG] [org.gradle.cache.internal.DefaultFileLockManager] Lock acquired on daemon addresses registry.
2024-06-11T09:40:20.216+0530 [DEBUG] [org.gradle.cache.internal.DefaultFileLockManager] Releasing lock on daemon addresses registry.
2024-06-11T09:40:20.258+0530 [DEBUG] [org.gradle.launcher.daemon.server.DaemonStateCoordinator] daemon stop has been requested. Sleeping until state changes.
2024-06-11T09:40:20.259+0530 [DEBUG] [org.gradle.launcher.daemon.server.DaemonStateCoordinator] Command execution: finished waiting for DaemonCommandExecution[command = Build{id=a0f3ec77-be6c-48e4-8309-1a91f7be3308, currentDir=D:\CAPITAL BLUETOOTH GITHUB\RIO_CONFIGURATOR\RIO_CONFIG_V2.0}, connection = DefaultDaemonConnection: socket connection from /127.0.0.1:55002 to /127.0.0.1:55045]. Result org.gradle.launcher.daemon.server.DaemonStateCoordinator@25f012e0 with state StopRequested
2024-06-11T09:40:20.260+0530 [DEBUG] [org.gradle.launcher.daemon.server.DaemonStateCoordinator] Command execution: completed DaemonCommandExecution[command = Build{id=a0f3ec77-be6c-48e4-8309-1a91f7be3308, currentDir=D:\CAPITAL BLUETOOTH GITHUB\RIO_CONFIGURATOR\RIO_CONFIG_V2.0}, connection = DefaultDaemonConnection: socket connection from /127.0.0.1:55002 to /127.0.0.1:55045]
2024-06-11T09:40:20.260+0530 [DEBUG] [org.gradle.launcher.daemon.server.DaemonStateCoordinator] resetting idle timer
2024-06-11T09:40:20.261+0530 [DEBUG] [org.gradle.launcher.daemon.server.DaemonStateCoordinator] Marking daemon stopped due to command completed and stop requested. The daemon is running a build: false
2024-06-11T09:40:20.262+0530 [DEBUG] [org.gradle.launcher.daemon.server.exec.ReturnResult] Daemon is dispatching the build result: Success[value=org.gradle.launcher.exec.BuildActionResult@5c40097]
2024-06-11T09:40:20.262+0530 [DEBUG] [org.gradle.launcher.daemon.server.SynchronizedDispatchConnection] thread 88: dispatching Success[value=org.gradle.launcher.exec.BuildActionResult@5c40097]
2024-06-11T09:40:20.273+0530 [DEBUG] [org.gradle.launcher.daemon.server.DaemonStateCoordinator] daemon has stopped.
2024-06-11T09:40:20.273+0530 [DEBUG] [org.gradle.launcher.daemon.server.Daemon] stop() called on daemon
2024-06-11T09:40:20.274+0530 [INFO] [org.gradle.launcher.daemon.server.Daemon] Stop requested. Daemon is removing its presence from the registry...
2024-06-11T09:40:20.275+0530 [DEBUG] [org.gradle.launcher.daemon.server.DaemonRegistryUpdater] Removing our presence to clients, eg. removing this address from the registry: [b823f6d8-e5a7-481a-93fc-ee2d0c06c6d7 port:55002, addresses:[localhost/127.0.0.1]]
2024-06-11T09:40:20.275+0530 [DEBUG] [org.gradle.launcher.daemon.registry.PersistentDaemonRegistry] Removing daemon address: [b823f6d8-e5a7-481a-93fc-ee2d0c06c6d7 port:55002, addresses:[localhost/127.0.0.1]]
2024-06-11T09:40:20.280+0530 [DEBUG] [org.gradle.cache.internal.DefaultFileLockManager] Waiting to acquire exclusive lock on daemon addresses registry.
2024-06-11T09:40:20.289+0530 [DEBUG] [org.gradle.cache.internal.DefaultFileLockManager] Lock acquired on daemon addresses registry.
2024-06-11T09:40:20.346+0530 [DEBUG] [org.gradle.cache.internal.DefaultFileLockManager] Releasing lock on daemon addresses registry.
2024-06-11T09:40:20.349+0530 [DEBUG] [org.gradle.launcher.daemon.server.DaemonRegistryUpdater] Address removed from registry.
2024-06-11T09:40:20.513+0530 [DEBUG] [org.gradle.launcher.daemon.server.SynchronizedDispatchConnection] thread 89: received class org.gradle.launcher.daemon.protocol.Finished
2024-06-11T09:40:20.513+0530 [DEBUG] [org.gradle.launcher.daemon.server.DefaultDaemonConnection] thread 89: Received non-IO message from client: org.gradle.launcher.daemon.protocol.Finished@7295a865
2024-06-11T09:40:20.514+0530 [DEBUG] [org.gradle.internal.remote.internal.inet.SocketConnection] Discarding EOFException: java.io.EOFException
2024-06-11T09:40:20.515+0530 [DEBUG] [org.gradle.launcher.daemon.server.SynchronizedDispatchConnection] thread 89: received null
2024-06-11T09:40:20.515+0530 [DEBUG] [org.gradle.launcher.daemon.server.DefaultDaemonConnection] thread 89: Received end-of-input from client.
2024-06-11T09:40:20.741+0530 [DEBUG] [org.gradle.launcher.daemon.server.DefaultIncomingConnectionHandler] Finishing executing command: Build{id=a0f3ec77-be6c-48e4-8309-1a91f7be3308, currentDir=D:\CAPITAL BLUETOOTH GITHUB\RIO_CONFIGURATOR\RIO_CONFIG_V2.0}
2024-06-11T09:40:20.742+0530 [WARN] [org.gradle.launcher.daemon.server.DefaultIncomingConnectionHandler] Timed out waiting for finished message from client socket connection from /127.0.0.1:55002 to /127.0.0.1:55045. Discarding connection.
2024-06-11T09:40:20.743+0530 [DEBUG] [org.gradle.launcher.daemon.server.SynchronizedDispatchConnection] thread 88: stopping connection
2024-06-11T09:40:20.829+0530 [DEBUG] [org.gradle.launcher.daemon.server.SynchronizedDispatchConnection] thread 88: stopping connection
2024-06-11T09:40:21.112+0530 [DEBUG] [org.gradle.cache.internal.LockOnDemandCrossProcessCacheAccess] Releasing file lock for jars (D:\CAPITAL BLUETOOTH GITHUB\RIO_CONFIGURATOR\RIO_CONFIG_V2.0\caches\jars-9)
2024-06-11T09:40:21.113+0530 [DEBUG] [org.gradle.cache.internal.DefaultFileLockManager] Releasing lock on jars (D:\CAPITAL BLUETOOTH GITHUB\RIO_CONFIGURATOR\RIO_CONFIG_V2.0\caches\jars-9).
2024-06-11T09:40:21.246+0530 [DEBUG] [org.gradle.cache.internal.DefaultPersistentDirectoryStore] jars (D:\CAPITAL BLUETOOTH GITHUB\RIO_CONFIGURATOR\RIO_CONFIG_V2.0\caches\jars-9) has last been fully cleaned up 64 hours ago
2024-06-11T09:40:21.272+0530 [INFO] [org.gradle.cache.internal.AbstractCacheCleanup] jars (D:\CAPITAL BLUETOOTH GITHUB\RIO_CONFIGURATOR\RIO_CONFIG_V2.0\caches\jars-9) cleanup deleted 0 files/directories.
2024-06-11T09:40:21.277+0530 [INFO] [org.gradle.cache.internal.LeastRecentlyUsedCacheCleanup] jars (D:\CAPITAL BLUETOOTH GITHUB\RIO_CONFIGURATOR\RIO_CONFIG_V2.0\caches\jars-9) removing files not accessed on or after Tue Jun 04 09:35:21 IST 2024.
2024-06-11T09:40:22.716+0530 [INFO] [org.gradle.cache.internal.AbstractCacheCleanup] jars (D:\CAPITAL BLUETOOTH GITHUB\RIO_CONFIGURATOR\RIO_CONFIG_V2.0\caches\jars-9) cleanup deleted 9 files/directories.
2024-06-11T09:40:22.720+0530 [INFO] [org.gradle.cache.internal.DefaultPersistentDirectoryStore] jars (D:\CAPITAL BLUETOOTH GITHUB\RIO_CONFIGURATOR\RIO_CONFIG_V2.0\caches\jars-9) cleaned up in 1.466 secs.
2024-06-11T09:40:22.722+0530 [DEBUG] [org.gradle.cache.internal.LockOnDemandCrossProcessCacheAccess] Releasing file lock for file content cache (D:\CAPITAL BLUETOOTH GITHUB\RIO_CONFIGURATOR\RIO_CONFIG_V2.0\caches\8.6\fileContent)
2024-06-11T09:40:22.744+0530 [DEBUG] [org.gradle.cache.internal.DefaultFileLockManager] Releasing lock on file content cache (D:\CAPITAL BLUETOOTH GITHUB\RIO_CONFIGURATOR\RIO_CONFIG_V2.0\caches\8.6\fileContent).
2024-06-11T09:40:22.751+0530 [DEBUG] [org.gradle.internal.watch.vfs.impl.WatchingVirtualFileSystem] Closing VFS, dropping state
2024-06-11T09:40:22.798+0530 [DEBUG] [org.gradle.cache.internal.DefaultCacheCoordinator] Cache Generated Gradle JARs cache (D:\CAPITAL BLUETOOTH GITHUB\RIO_CONFIGURATOR\RIO_CONFIG_V2.0\caches\8.6\generated-gradle-jars) was closed 0 times.
2024-06-11T09:40:22.799+0530 [DEBUG] [org.gradle.internal.watch.registry.impl.DefaultFileWatcherRegistry] Finished listening to file system change events
2024-06-11T09:40:22.800+0530 [DEBUG] [org.gradle.cache.internal.DefaultPersistentDirectoryStore] Artifact transforms cache (D:\CAPITAL BLUETOOTH GITHUB\RIO_CONFIGURATOR\RIO_CONFIG_V2.0\caches\transforms-4) has last been fully cleaned up 64 hours ago
2024-06-11T09:40:22.805+0530 [INFO] [org.gradle.cache.internal.LeastRecentlyUsedCacheCleanup] Artifact transforms cache (D:\CAPITAL BLUETOOTH GITHUB\RIO_CONFIGURATOR\RIO_CONFIG_V2.0\caches\transforms-4) removing files not accessed on or after Tue Jun 04 09:35:21 IST 2024.
2024-06-11T09:40:43.783+0530 [INFO] [org.gradle.cache.internal.AbstractCacheCleanup] Artifact transforms cache (D:\CAPITAL BLUETOOTH GITHUB\RIO_CONFIGURATOR\RIO_CONFIG_V2.0\caches\transforms-4) cleanup deleted 279 files/directories.
2024-06-11T09:40:43.784+0530 [INFO] [org.gradle.cache.internal.DefaultPersistentDirectoryStore] Artifact transforms cache (D:\CAPITAL BLUETOOTH GITHUB\RIO_CONFIGURATOR\RIO_CONFIG_V2.0\caches\transforms-4) cleaned up in 20.98 secs.
2024-06-11T09:40:43.784+0530 [DEBUG] [org.gradle.cache.internal.DefaultCacheCoordinator] Cache Artifact transforms cache (D:\CAPITAL BLUETOOTH GITHUB\RIO_CONFIGURATOR\RIO_CONFIG_V2.0\caches\transforms-4) was closed 0 times.
2024-06-11T09:40:43.784+0530 [DEBUG] [org.gradle.cache.internal.LockOnDemandCrossProcessCacheAccess] Releasing file lock for artifact cache (D:\CAPITAL BLUETOOTH GITHUB\RIO_CONFIGURATOR\RIO_CONFIG_V2.0\caches\modules-2)
2024-06-11T09:40:43.785+0530 [DEBUG] [org.gradle.cache.internal.btree.BTreePersistentIndexedCache] Closing cache module-artifact.bin (D:\CAPITAL BLUETOOTH GITHUB\RIO_CONFIGURATOR\RIO_CONFIG_V2.0\caches\modules-2\metadata-2.106\module-artifact.bin)
2024-06-11T09:40:43.786+0530 [DEBUG] [org.gradle.cache.internal.btree.BTreePersistentIndexedCache] Closing cache module-metadata.bin (D:\CAPITAL BLUETOOTH GITHUB\RIO_CONFIGURATOR\RIO_CONFIG_V2.0\caches\modules-2\metadata-2.106\module-metadata.bin)
2024-06-11T09:40:43.787+0530 [DEBUG] [org.gradle.cache.internal.btree.BTreePersistentIndexedCache] Closing cache module-artifacts.bin (D:\CAPITAL BLUETOOTH GITHUB\RIO_CONFIGURATOR\RIO_CONFIG_V2.0\caches\modules-2\metadata-2.106\module-artifacts.bin)
2024-06-11T09:40:43.788+0530 [DEBUG] [org.gradle.cache.internal.DefaultFileLockManager] Releasing lock on artifact cache (D:\CAPITAL BLUETOOTH GITHUB\RIO_CONFIGURATOR\RIO_CONFIG_V2.0\caches\modules-2).
2024-06-11T09:40:43.790+0530 [DEBUG] [org.gradle.cache.internal.DefaultPersistentDirectoryStore] artifact cache (D:\CAPITAL BLUETOOTH GITHUB\RIO_CONFIGURATOR\RIO_CONFIG_V2.0\caches\modules-2) has last been fully cleaned up 64 hours ago
2024-06-11T09:40:43.793+0530 [INFO] [org.gradle.cache.internal.AbstractCacheCleanup] artifact cache (D:\CAPITAL BLUETOOTH GITHUB\RIO_CONFIGURATOR\RIO_CONFIG_V2.0\caches\modules-2) cleanup deleted 0 files/directories.
2024-06-11T09:40:43.797+0530 [INFO] [org.gradle.cache.internal.AbstractCacheCleanup] artifact cache (D:\CAPITAL BLUETOOTH GITHUB\RIO_CONFIGURATOR\RIO_CONFIG_V2.0\caches\modules-2) [subdir: D:\CAPITAL BLUETOOTH GITHUB\RIO_CONFIGURATOR\RIO_CONFIG_V2.0\caches\modules-2\resources-2.1] cleanup deleted 0 files/directories.
2024-06-11T09:40:43.798+0530 [INFO] [org.gradle.cache.internal.LeastRecentlyUsedCacheCleanup] artifact cache (D:\CAPITAL BLUETOOTH GITHUB\RIO_CONFIGURATOR\RIO_CONFIG_V2.0\caches\modules-2) [subdir: D:\CAPITAL BLUETOOTH GITHUB\RIO_CONFIGURATOR\RIO_CONFIG_V2.0\caches\modules-2\resources-2.1] removing files not accessed on or after Sun May 12 09:35:21 IST 2024.
2024-06-11T09:40:43.798+0530 [INFO] [org.gradle.cache.internal.AbstractCacheCleanup] artifact cache (D:\CAPITAL BLUETOOTH GITHUB\RIO_CONFIGURATOR\RIO_CONFIG_V2.0\caches\modules-2) [subdir: D:\CAPITAL BLUETOOTH GITHUB\RIO_CONFIGURATOR\RIO_CONFIG_V2.0\caches\modules-2\resources-2.1] cleanup deleted 0 files/directories.
2024-06-11T09:40:43.800+0530 [INFO] [org.gradle.cache.internal.AbstractCacheCleanup] artifact cache (D:\CAPITAL BLUETOOTH GITHUB\RIO_CONFIGURATOR\RIO_CONFIG_V2.0\caches\modules-2) [subdir: D:\CAPITAL BLUETOOTH GITHUB\RIO_CONFIGURATOR\RIO_CONFIG_V2.0\caches\modules-2\files-2.1] cleanup deleted 0 files/directories.
2024-06-11T09:40:43.800+0530 [INFO] [org.gradle.cache.internal.LeastRecentlyUsedCacheCleanup] artifact cache (D:\CAPITAL BLUETOOTH GITHUB\RIO_CONFIGURATOR\RIO_CONFIG_V2.0\caches\modules-2) [subdir: D:\CAPITAL BLUETOOTH GITHUB\RIO_CONFIGURATOR\RIO_CONFIG_V2.0\caches\modules-2\files-2.1] removing files not accessed on or after Sun May 12 09:35:21 IST 2024.
2024-06-11T09:40:44.231+0530 [INFO] [org.gradle.cache.internal.AbstractCacheCleanup] artifact cache (D:\CAPITAL BLUETOOTH GITHUB\RIO_CONFIGURATOR\RIO_CONFIG_V2.0\caches\modules-2) [subdir: D:\CAPITAL BLUETOOTH GITHUB\RIO_CONFIGURATOR\RIO_CONFIG_V2.0\caches\modules-2\files-2.1] cleanup deleted 0 files/directories.
2024-06-11T09:40:44.234+0530 [INFO] [org.gradle.cache.internal.AbstractCacheCleanup] artifact cache (D:\CAPITAL BLUETOOTH GITHUB\RIO_CONFIGURATOR\RIO_CONFIG_V2.0\caches\modules-2) [subdir: D:\CAPITAL BLUETOOTH GITHUB\RIO_CONFIGURATOR\RIO_CONFIG_V2.0\caches\modules-2\metadata-2.106] cleanup deleted 0 files/directories.
2024-06-11T09:40:44.237+0530 [INFO] [org.gradle.cache.internal.DefaultPersistentDirectoryStore] artifact cache (D:\CAPITAL BLUETOOTH GITHUB\RIO_CONFIGURATOR\RIO_CONFIG_V2.0\caches\modules-2) cleaned up in 0.446 secs.
2024-06-11T09:40:44.239+0530 [DEBUG] [org.gradle.cache.internal.LockOnDemandCrossProcessCacheAccess] Releasing file lock for journal cache (D:\CAPITAL BLUETOOTH GITHUB\RIO_CONFIGURATOR\RIO_CONFIG_V2.0\caches\journal-1)
2024-06-11T09:40:44.240+0530 [DEBUG] [org.gradle.cache.internal.btree.BTreePersistentIndexedCache] Closing cache file-access.bin (D:\CAPITAL BLUETOOTH GITHUB\RIO_CONFIGURATOR\RIO_CONFIG_V2.0\caches\journal-1\file-access.bin)
2024-06-11T09:40:44.241+0530 [DEBUG] [org.gradle.cache.internal.DefaultFileLockManager] Releasing lock on journal cache (D:\CAPITAL BLUETOOTH GITHUB\RIO_CONFIGURATOR\RIO_CONFIG_V2.0\caches\journal-1).
2024-06-11T09:40:44.244+0530 [DEBUG] [org.gradle.cache.internal.LockOnDemandCrossProcessCacheAccess] Releasing file lock for file hash cache (D:\CAPITAL BLUETOOTH GITHUB\RIO_CONFIGURATOR\RIO_CONFIG_V2.0\caches\8.6\fileHashes)
2024-06-11T09:40:44.244+0530 [DEBUG] [org.gradle.cache.internal.btree.BTreePersistentIndexedCache] Closing cache fileHashes.bin (D:\CAPITAL BLUETOOTH GITHUB\RIO_CONFIGURATOR\RIO_CONFIG_V2.0\caches\8.6\fileHashes\fileHashes.bin)
2024-06-11T09:40:44.245+0530 [DEBUG] [org.gradle.cache.internal.btree.BTreePersistentIndexedCache] Closing cache resourceHashesCache.bin (D:\CAPITAL BLUETOOTH GITHUB\RIO_CONFIGURATOR\RIO_CONFIG_V2.0\caches\8.6\fileHashes\resourceHashesCache.bin)
2024-06-11T09:40:44.246+0530 [DEBUG] [org.gradle.cache.internal.DefaultFileLockManager] Releasing lock on file hash cache (D:\CAPITAL BLUETOOTH GITHUB\RIO_CONFIGURATOR\RIO_CONFIG_V2.0\caches\8.6\fileHashes).
2024-06-11T09:40:44.250+0530 [DEBUG] [org.gradle.cache.internal.LockOnDemandCrossProcessCacheAccess] Releasing file lock for Java compile cache (D:\CAPITAL BLUETOOTH GITHUB\RIO_CONFIGURATOR\RIO_CONFIG_V2.0\caches\8.6\javaCompile)
2024-06-11T09:40:44.250+0530 [DEBUG] [org.gradle.cache.internal.btree.BTreePersistentIndexedCache] Closing cache jarAnalysis.bin (D:\CAPITAL BLUETOOTH GITHUB\RIO_CONFIGURATOR\RIO_CONFIG_V2.0\caches\8.6\javaCompile\jarAnalysis.bin)
2024-06-11T09:40:44.251+0530 [DEBUG] [org.gradle.cache.internal.btree.BTreePersistentIndexedCache] Closing cache classAnalysis.bin (D:\CAPITAL BLUETOOTH GITHUB\RIO_CONFIGURATOR\RIO_CONFIG_V2.0\caches\8.6\javaCompile\classAnalysis.bin)
2024-06-11T09:40:44.252+0530 [DEBUG] [org.gradle.cache.internal.DefaultFileLockManager] Releasing lock on Java compile cache (D:\CAPITAL BLUETOOTH GITHUB\RIO_CONFIGURATOR\RIO_CONFIG_V2.0\caches\8.6\javaCompile).
2024-06-11T09:40:44.265+0530 [DEBUG] [org.gradle.cache.internal.VersionSpecificCacheCleanupAction] Processed version-specific caches at D:\CAPITAL BLUETOOTH GITHUB\RIO_CONFIGURATOR\RIO_CONFIG_V2.0\caches for cleanup in 0.002 secs
Daemon vm is shutting down... The daemon has exited normally or was terminated in response to a user interrupt.
2024-06-11T09:40:44.306+0530 [DEBUG] [org.gradle.launcher.daemon.registry.PersistentDaemonRegistry] Removing daemon address: [b823f6d8-e5a7-481a-93fc-ee2d0c06c6d7 port:55002, addresses:[localhost/127.0.0.1]]
2024-06-11T09:40:44.309+0530 [DEBUG] [org.gradle.cache.internal.DefaultFileLockManager] Waiting to acquire exclusive lock on daemon addresses registry.
2024-06-11T09:40:44.311+0530 [DEBUG] [org.gradle.cache.internal.DefaultFileLockManager] Lock acquired on daemon addresses registry.
2024-06-11T09:40:44.315+0530 [DEBUG] [org.gradle.cache.internal.DefaultFileLockManager] Releasing lock on daemon addresses registry.
